cycle,chI,chV,chT,disI,disV,disT,BCt,SOH,battery_id,RUL
0.0,0.5883403952552051,0.6774648005934356,0.2561101749112411,0.2708411017453982,0.41979520684119453,0.5313896491048276,0.9939681149915776,0.9939681149915778,B5,219
0.004016064257028112,0.5567966644223414,0.38483682944366215,0.43623070014303034,0.17990092224361431,0.8271096852610085,0.46874688753599303,0.9940034499784103,0.994003449978411,B5,218
0.008032128514056224,0.5617212320528671,0.744226294597846,0.40857397872893264,0.3381370953734253,0.38834259882321254,0.7180375829475509,0.9924040994751897,0.9924040994751906,B5,217
0.012048192771084336,0.45110553836193157,0.6219814001922526,0.587107931195956,0.5236256601117799,0.34581071548208886,0.45358847464546104,0.9803209845418377,0.9803209845418384,B5,216
0.01606425702811245,0.3523534323965616,0.33228999220672684,0.5235728263179831,0.49019890984612857,0.6624209512721815,0.4882641382759094,0.9848480614990718,0.9848480614990722,B5,215
0.020080321285140562,0.6807532018198308,0.34433649846184977,0.5241415676332148,0.4853288699292331,0.26031917270475313,0.7212921004923278,0.9860042394393982,0.9860042394393984,B5,214
0.02409638554216867,0.5008388152607604,0.5779700731206692,0.4697230118512934,0.37860325128953765,0.5664805462925229,0.5530003384101683,0.977473564389201,0.9774735643892016,B5,213
0.028112449799196783,0.5715132278079755,0.46737791343171153,0.6060691572622261,0.2652766042844581,0.5501384456466043,0.6567485626102583,0.9722122939855853,0.972212293985586,B5,212
0.0321285140562249,0.7643929803959102,0.4658407189757412,0.7048151295586473,0.18668712712024194,0.7012017188963688,0.46260606516384684,0.9708828754056618,0.9708828754056622,B5,211
0.03614457831325301,0.3773801220435773,0.46725997813775244,0.737296835013391,0.3725520446692481,0.7541738068699271,0.5828465646422667,0.9657930616531556,0.9657930616531558,B5,210
0.04016064257028112,0.68989560514032,0.5002017788210793,0.6000613244381245,0.39664391596178206,0.6607861823267407,0.15348642110347344,0.9566432564787013,0.9566432564787017,B5,209
0.04417670682730923,0.6971941480186943,0.523774211150041,0.7302196471273441,0.26251795118051957,0.7835492220381797,0.5012970452348258,0.9614888107327069,0.961488810732708,B5,208
0.048192771084337345,0.46420976127670355,0.40921862297543576,0.2932655576420742,0.21484623041167739,0.9084701615234541,0.5764531641671575,0.955469979395781,0.9554699793957817,B5,207
0.05220883534136545,0.5895416333739216,0.5210345296194259,0.2844676273940929,0.3850391186750377,0.46918921503069355,0.333493657785787,0.951953690856721,0.9519536908567214,B5,206
0.056224899598393566,0.45240639375163183,0.439265377565242,0.6299201591111556,0.5549657357823707,0.7702822752155596,0.7724042396636226,0.9480136448678231,0.9480136448678238,B5,205
0.06024096385542168,0.7347225713621448,0.4478273618201065,0.5377074203345669,0.5022603054864008,0.5830862017934662,0.2532417852605029,0.9424929499401249,0.9424929499401253,B5,204
0.0642570281124498,0.4785438259846029,0.5460139707391836,0.5859482932002504,0.350667394746802,0.7038669636636805,0.4286823140272218,0.9379303627899029,0.9379303627899034,B5,203
0.06827309236947791,0.4365312411952593,0.4658133754223641,0.5451712380160996,0.2708997769130126,0.5788254717690502,0.4146496619828901,0.9340710861881032,0.9340710861881036,B5,202
0.07228915662650602,0.7603251294734394,0.31795208495325333,0.6087547152122381,0.4069539132756472,0.9021988321272367,0.0,0.9305330667894434,0.930533066789444,B5,201
0.07630522088353414,0.5703544660159232,0.5300687523788081,0.669035386056648,0.4226372968545662,0.8216097104866065,0.39817769057395314,0.9243364991918055,0.9243364991918064,B5,200
0.08032128514056225,0.6059580164838918,0.5035313418131242,0.40336513217558556,0.2745206994827303,0.8187565738993121,0.8034987533746993,0.9185496429876847,0.9185496429876852,B5,199
0.08433734939759036,0.43221578413250183,0.49671593327375874,0.4390354524690263,0.30571137391771197,0.9080092455058462,0.5239716097885565,0.9148341106920688,0.914834110692069,B5,198
0.08835341365461848,0.5352787600814224,0.334581619920284,0.5129510221880236,0.4641275101281428,0.5912846650400441,0.5502062948550281,0.9133053559136419,0.9133053559136426,B5,197
0.09236947791164658,0.6825769244387798,0.4704928856151014,0.6835221087970069,0.6620462915504395,0.5360819580420964,0.4041523072238862,0.9114402077146873,0.9114402077146879,B5,196
0.09638554216867469,0.7127960776214524,0.7358658737835224,0.7402247904847381,0.3260725619251774,0.5814036723162732,0.6918239957971135,0.9071474595986833,0.9071474595986833,B5,195
0.10040160642570281,0.6537378998461223,0.6911663353064057,0.8262615366066877,0.43713889762276725,0.5509434543555987,0.5379370730501618,0.8996932945430776,0.8996932945430782,B5,194
0.10441767068273092,0.6557213287424957,0.5221844960029447,0.4631197018863431,0.3114936554214167,0.5180198344049101,0.4733804061470033,0.9014371658946232,0.9014371658946239,B5,193
0.10843373493975902,0.7121100916139804,0.5743174091356078,0.5598184441395784,0.3231249147429702,0.8013191679272218,0.45389901374207975,0.8932211926492244,0.8932211926492248,B5,192
0.11244979919678715,0.4638198938886131,0.5371368225953219,0.699929142475066,0.3390217066847008,0.537574528709656,0.27653654577164843,0.8896249540090821,0.8896249540090826,B5,191
0.11646586345381525,0.5504101927574307,0.6443674352291282,0.7051011048933606,0.3599700194944684,0.34601726968750013,0.236472540338875,0.8906166483416285,0.8906166483416289,B5,190
0.12048192771084337,0.4174326701669506,0.546789487962263,0.499686337847034,0.6011989720426016,0.47357242269716426,0.6650668613997719,0.8762885659582023,0.8762885659582025,B5,189
0.12449799196787148,0.6525091994178616,0.31646091037301183,0.6588901366585715,0.6122543449292266,0.7007160990934098,0.3777006513865997,0.8795656840847481,0.8795656840847486,B5,188
0.1285140562248996,0.5082643616192055,0.6870534338594698,0.4599020147239825,0.5844053051346965,0.39488130148102973,0.7547112672730951,0.8713814812920795,0.8713814812920799,B5,187
0.1325301204819277,0.5594676128171743,0.42389765181600403,0.5275857922347216,0.46533847789675287,0.551644224674942,0.5101687232738765,0.8663900631604886,0.8663900631604895,B5,186
0.13654618473895583,0.5078674541803656,0.4229618685243999,0.3427600267110411,0.2447257860272205,0.41799622234526135,0.3079857173863694,0.8637262669218733,0.8637262669218733,B5,185
0.14056224899598393,0.9316132032846025,0.6673271399070657,0.29342765344248134,0.34708088885011223,0.47361511275028123,0.8805921552828928,0.8642746714284755,0.8642746714284761,B5,184
0.14457831325301204,0.5261426854171531,0.5381767578943801,0.484244101978327,0.39890554111090903,0.7469870075606866,0.6268908299458058,0.8530372186839852,0.8530372186839856,B5,183
0.14859437751004015,0.6163807724381436,0.8224761039283823,0.39611985512444337,0.23543866215656672,0.5905607599021163,0.4821825424367714,0.8525869050607733,0.8525869050607742,B5,182
0.15261044176706826,0.5927986356166903,0.20638079369025952,0.5388464519423519,0.4449610393528909,0.6132017271082519,0.5586956191401602,0.8519696260837462,0.8519696260837466,B5,181
0.1566265060240964,0.6522527967100236,0.5914913103936765,0.575913774335822,0.40438694353128524,0.6679602836409715,0.36800527709163333,0.8429787804018509,0.8429787804018514,B5,180
0.1606425702811245,0.32103369656007463,0.5499484943841875,0.48404003008083185,0.6123456399347504,0.6646125367975813,0.6140223137510725,0.8377773798166324,0.837777379816633,B5,179
0.1646586345381526,0.42381436801114103,0.2644990585312179,0.76490569290329,0.29029483376913445,0.621023821346609,0.5951105721748662,0.8329698728237969,0.8329698728237973,B5,178
0.1686746987951807,0.6961341414860605,0.44097190853620205,0.5679731719666439,0.4483251500937535,0.6242115808276711,0.5715235864298678,0.8240140681963453,0.8240140681963457,B5,177
0.17269076305220882,0.39817341698381203,0.4324949955490158,0.6991305458769519,0.7015480273767563,0.7448162509233889,0.8053291994863239,0.8235190799714369,0.8235190799714374,B5,176
0.17670682730923692,0.7121620491109506,0.5572494054585668,0.6030998882417875,0.5167848493820872,0.5597346135674381,0.6679993410340144,0.8161492509327062,0.8161492509327066,B5,175
0.18072289156626506,0.37771604534938774,0.6357607816621424,0.501802086838977,0.5174621872981464,0.7759356066273404,0.4396414753740898,0.8157636171105713,0.815763617110572,B5,174
0.18473895582329317,0.533733584124177,0.34603646295284385,0.6663187893030673,0.3573314209290981,0.8081904067445858,0.601284022863974,0.8154848778501862,0.8154848778501869,B5,173
0.18875502008032127,0.3697108291016118,0.6696698822332756,0.7689521338782161,0.350664529939265,0.8171372680716051,0.4648575075871051,0.8196144542304724,0.8196144542304729,B5,172
0.19277108433734938,0.5123418185239152,0.7314815916178254,0.353300028025211,0.45951716777510043,0.6888201250293786,0.38720286410704885,0.8119479455037693,0.8119479455037697,B5,171
0.1967871485943775,0.5074614219116169,0.4558074591497956,0.4121083557956773,0.38402139046222095,0.6820847279789342,0.4903328511831955,0.8023708439938921,0.8023708439938926,B5,170
0.20080321285140562,0.6094861087989376,0.5411428478644194,0.4909009750086253,0.2707770854930134,0.8109980395660239,0.6321610275872009,0.795716291245768,0.7957162912457685,B5,169
0.20481927710843373,0.5078352679423173,0.6289543656343444,0.7541485462486892,0.3974696303056988,0.20576180545785072,0.6032060258057075,0.7935926179025445,0.793592617902545,B5,168
0.20883534136546184,0.6029564760406658,0.6156996832069943,0.5343972592570099,0.5221865789194191,0.6814539828891157,0.5448163099628989,0.7878004545976154,0.7878004545976156,B5,167
0.21285140562248994,0.5840640201247396,0.5409641670466421,0.5429781235124094,0.3451488112042056,0.8115080190349495,0.2330809736498911,0.7896807747333603,0.7896807747333605,B5,166
0.21686746987951805,0.47007826164017685,0.5893429891653508,0.5217298370260464,0.4096071648530675,0.39704792025552416,0.3853197436166069,0.7805156391035415,0.7805156391035419,B5,165
0.22088353413654616,0.6596588703132333,0.5139298050943601,0.30359322051015836,0.4023626543896417,0.6667407747549676,0.6215592713742981,0.7748488302356988,0.7748488302356995,B5,164
0.2248995983935743,0.6198160409310893,0.39129268229685366,0.6120293334138558,0.2955682119811258,0.7139955930067741,0.7011068442157571,0.7748546873262565,0.7748546873262572,B5,163
0.2289156626506024,0.2316967071058067,0.7622700454972762,0.5387803377192011,0.34286388442286597,0.4384673626650264,0.23776395078040213,0.7667717550045452,0.7667717550045459,B5,162
0.2329317269076305,0.5023182333726341,0.6720841185709023,0.7649783660075915,0.35948553271697437,0.4947459184680947,0.596284753489027,0.764460088012501,0.7644600880125012,B5,161
0.2369477911646586,0.5896226029241003,0.21170548436420056,0.42099891253598054,0.6301562756343153,0.4403393250904324,0.5434283581389616,0.7713211544130456,0.7713211544130458,B5,160
0.24096385542168672,0.6397342222434566,0.3145510142401182,0.5046709515146222,0.5661620686627864,0.42042057922545695,0.4420912004302191,0.7570914323601825,0.757091432360183,B5,159
0.24497991967871485,0.6210987377322781,0.39514768467093475,0.5597968611597293,1.0,0.6951624379385692,0.8220117252644523,0.7606878023386854,0.7606878023386858,B5,158
0.24899598393574296,0.7937532593071905,0.6453011533435422,0.6592888154700995,0.5745935784685448,0.45407142272387047,0.42528116378021164,0.7499245349724488,0.749924534972449,B5,157
0.25301204819277107,0.6212534344691831,0.4987720254810917,0.45875699827411953,0.390121804626792,0.405390449074744,0.4367298429215838,0.7412036637108088,0.7412036637108093,B5,156
0.2570281124497992,0.4885278692867252,0.5872238444784159,0.691320092499784,0.6773629583648573,0.5043976078331054,0.5297135530436274,0.7425933713471815,0.742593371347182,B5,155
0.2610441767068273,0.6155555053869379,0.6581956714634405,0.36569959956922604,0.424485376556444,0.6429934262008756,0.7355315559261069,0.7408648441189918,0.7408648441189922,B5,154
0.2650602409638554,0.31514808557705987,0.6203887201815466,0.3045804178645888,0.3633368827336865,0.43403995963621456,0.29783246587808865,0.7366151054359746,0.7366151054359751,B5,153
0.2690763052208835,0.2595268217880571,0.6251336142994326,0.8205026156130693,0.46822875034880695,0.7046097087957608,0.6858366884184566,0.7349575882086665,0.734957588208667,B5,152
0.2730923694779116,0.37350605040006624,0.5673892734241299,0.6499324093665444,0.4784217901924217,0.513280844883155,0.46634257176042615,0.7281893949243723,0.7281893949243723,B5,151
0.27710843373493976,0.610910533692552,0.6875882801156425,0.5899435048050328,0.39207194562477765,0.5585461662972051,0.7160946913415622,0.7187648025978137,0.7187648025978142,B5,150
0.28112449799196787,0.5717313893216012,0.34058811588998594,0.7396456104159852,0.37325018846338986,0.6511439158427044,0.8844357427534795,0.713932310980139,0.7139323109801394,B5,149
0.285140562248996,0.5108757376144637,0.5584469227607656,0.46401407913929527,0.5753274235260188,0.7326355538309688,0.7428989606615741,0.7167379190522538,0.7167379190522545,B5,148
0.2891566265060241,0.6236411390836565,0.530935132137424,0.4511790947696559,0.45051190445626643,0.6513196705510174,0.567519424223764,0.7133189113814591,0.7133189113814595,B5,147
0.2931726907630522,0.4582748756027275,0.3079313786815092,0.4641459083044337,0.550211078010646,0.7102985288111028,0.5419049064496919,0.7102889781506909,0.7102889781506914,B5,146
0.2971887550200803,0.697301689170378,0.3359532087019037,0.5322021117029156,0.07717314486220017,0.5475785193451352,0.3581987878732167,0.7062091965460486,0.7062091965460491,B5,145
0.3012048192771084,0.5073889439778305,0.5316798869836461,0.5592075452451533,0.6630657970663001,0.4663882237472359,0.4768378168062064,0.6985472326673163,0.6985472326673168,B5,144
0.3052208835341365,0.4554017251617244,0.6009784601558419,0.29815597151461537,0.5214786846221036,0.4400077593584437,0.5689734644091478,0.6983710312319882,0.6983710312319886,B5,143
0.3092369477911646,0.6217318928960553,0.6994640293676984,0.4744773678736216,0.40560611164535976,0.5033599359743943,0.5286572234666074,0.7000643377484796,0.7000643377484801,B5,142
0.3132530120481927,0.508821923708566,0.48880585202189764,0.6977645727922188,0.5195087706926191,0.47390395103070304,0.660015666508734,0.6884249194877525,0.688424919487753,B5,141
0.3172690763052209,0.5409651483875779,0.329471953090815,0.5329751773261084,0.3111882045870771,0.5266005675791308,0.3551000045049335,0.6830191788273627,0.683019178827363,B5,140
0.321285140562249,0.3999767332981261,0.6572404136300598,0.47527885920376356,0.28591210168719705,0.5637394801105942,0.260001004922946,0.6819264530972462,0.6819264530972466,B5,139
0.3253012048192771,0.5860280083763643,0.5512005203539392,0.6221020715733516,0.4434912276421592,0.29786285532028023,0.6398708145061103,0.6789709118855094,0.6789709118855098,B5,138
0.3293172690763052,0.5427675083543242,0.48498210342534875,0.4041005900637371,0.6067481653924336,0.33630962947648535,0.6869707358761903,0.6753995024816923,0.6753995024816928,B5,137
0.3333333333333333,0.4844304770918324,0.5598341044196484,0.4672057671862748,0.47038579313323803,0.5923844775135914,0.4725024008285028,0.6655168419484012,0.6655168419484014,B5,136
0.3373493975903614,0.34099818018231365,0.20957850803659284,0.5268648403606431,0.2762381049784701,0.5402549060966264,0.5321413943094759,0.6622784776181991,0.6622784776181996,B5,135
0.34136546184738953,0.39307827232625714,0.4973058042662437,0.8662563264766212,0.14711429395726316,0.5404988357400984,0.5982335868705921,0.6604124795004522,0.6604124795004527,B5,134
0.34538152610441764,0.8092249209597777,0.7528450345297113,0.7194525704910752,0.39733505584089635,0.34329205811265506,0.43950743678967363,0.6582286628463327,0.658228662846333,B5,133
0.34939759036144574,0.8754916963322512,0.7387580751542302,0.6525039222089086,0.3549425489757394,0.6225767338196193,0.8131988193679796,0.6526572573082678,0.6526572573082683,B5,132
0.35341365461847385,0.40439680961011937,0.7976572346707584,0.26034707603817786,0.504798045965356,0.5549641258025333,0.6531652015565359,0.6505289922686364,0.6505289922686366,B5,131
0.35742971887550196,0.34099006908897556,0.575768838415728,0.6473116115705926,0.39845226000525447,0.6168585587839945,0.4856515128178991,0.6428572244163244,0.6428572244163249,B5,130
0.3614457831325301,0.6190084796894253,0.510315460652869,0.4964239471238412,0.6649203589110186,0.1409669586520077,0.6659601681607974,0.6384495525871741,0.6384495525871745,B5,129
0.3654618473895582,0.4212609694230254,0.2328338526655802,0.4024335126943055,0.4424555912629762,0.6405891101298806,0.39980045691421484,0.6351581885677582,0.6351581885677586,B5,128
0.36947791164658633,0.43958615877981866,0.6180687046838482,0.895262550950084,0.25274101891477274,0.581817577276188,0.5619648079688124,0.6325309570112394,0.6325309570112396,B5,127
0.37349397590361444,0.6875229356723556,0.4238229710116137,0.6811313952225739,0.570232295223335,0.6553594395489029,0.519358722677155,0.6216653731928523,0.6216653731928525,B5,126
0.37751004016064255,0.2464096919256611,0.3541312098212295,0.769354775564794,0.50979213279909,0.3393770266121823,0.6148277123272452,0.6210991060660302,0.6210991060660305,B5,125
0.38152610441767065,0.6283873570662843,0.4486114253004825,0.26524639548512896,0.43431840814608247,0.5380264497347511,0.6697572149455588,0.6202038851895599,0.6202038851895602,B5,124
0.38554216867469876,0.37958318401294555,0.4889266269975501,1.0000000000000004,0.4367623082654326,0.6466018366787429,0.4875406586597437,0.6141073914589548,0.614107391458955,B5,123
0.38955823293172687,0.3658193435653976,0.5422528591159672,0.5450560415196954,0.520405324158844,0.4041851585184144,0.4995735419135734,0.6100694973618621,0.6100694973618626,B5,122
0.393574297188755,0.5456798697037681,0.49447605627261026,0.6339391703706196,0.42572742706347455,0.5435711560763328,0.6531327142546965,0.6089194368792661,0.6089194368792663,B5,121
0.3975903614457831,0.3115758305443448,0.48686775452408604,0.6433761864916874,0.4385090403483596,0.2887551047186643,0.51890648923164,0.6028683202133958,0.602868320213396,B5,120
0.4016064257028112,0.3995617742280819,0.6000419940671335,0.511244227023087,0.3878436824822087,0.38751696515684153,0.5972436042052309,0.6054202432864491,0.6054202432864493,B5,119
0.40562248995983935,0.6827734411085458,0.49430184140624966,0.5285108378423384,0.4373804921626032,0.54298756342207,0.477275218142005,0.5986949148146461,0.5986949148146465,B5,118
0.40963855421686746,0.5781180276414144,0.6848160840135673,0.4765780367930179,0.313807886767008,0.8425654665771423,0.7387151411287438,0.5929131770286353,0.5929131770286356,B5,117
0.41365461847389556,0.5434031169928377,0.440819326054779,0.659213410403821,0.3945159690602127,0.7099039624188945,0.509461916729399,0.5796250344696701,0.5796250344696703,B5,116
0.41767068273092367,0.5566255625343304,0.6611635577971136,0.7257516054245676,0.3838335310091052,0.4939332798785987,0.5105972356056752,0.5818536597536046,0.581853659753605,B5,115
0.4216867469879518,0.4481412600003405,0.48042010505971255,0.6488098694227848,0.5312716460555325,0.6800745380524718,0.5401784710263224,0.5807556205561508,0.5807556205561508,B5,114
0.4257028112449799,0.736194239832638,0.5297391384046914,0.4046258619039067,0.6355767825506691,0.5672805967763717,0.6916375959946288,0.5689331578330445,0.568933157833045,B5,113
0.429718875502008,0.41972684093430357,0.2202640812946477,0.5631100598058421,0.40131405126964115,0.6651471785891774,0.4970987193722709,0.572279765520666,0.5722797655206664,B5,112
0.4337349397590361,0.5911896061950175,0.4988237844689074,0.5151203090882222,0.15211949731981012,0.7600291927750771,0.6223852889739407,0.5629938362159501,0.5629938362159503,B5,111
0.4377510040160642,0.2616127589321242,0.466068947815538,0.48194960305606127,0.1932389238763137,0.5385417684741822,0.562516495958715,0.559469454320537,0.5594694543205372,B5,110
0.4417670682730923,0.8066372984690782,0.7086613010067051,0.6626758730590092,0.6871934684404106,0.5705458556909646,0.784311232061651,0.5622603198820393,0.5622603198820395,B5,109
0.4457831325301204,0.6331787946248815,0.40643345830182653,0.6599487945062004,0.17489170357410666,0.567774161464671,0.5024329025238412,0.5463480370891727,0.5463480370891731,B5,108
0.4497991967871486,0.28584789347014117,0.34629987401251405,0.6639472713120087,0.43912748770436316,0.18880585286609208,0.7351237764139831,0.5553740690925071,0.5553740690925073,B5,107
0.4538152610441767,0.2697851362301371,0.5748931239458912,0.30670629400885296,0.5252927867955703,0.4452374166841795,0.7089548939425665,0.5473756958148714,0.5473756958148717,B5,106
0.4578313253012048,0.560662082443494,0.6566286102551508,0.6506907256693726,0.4802216778632764,0.6243830909890171,0.31950023040767395,0.5390881507862426,0.5390881507862428,B5,105
0.4618473895582329,0.4996411391622355,0.7104129432671638,0.4113100507687033,0.4294863381826186,0.497184402254355,0.33713688456590507,0.5398516300880942,0.5398516300880944,B5,104
0.465863453815261,0.46787330789067716,0.5078205795869248,0.6882088448230967,0.4341912083821522,0.4084506683818474,0.503643781600791,0.5381897658376453,0.5381897658376456,B5,103
0.4698795180722891,0.44970297911053736,0.6195453351270004,0.6821743227138461,0.6279446816486884,0.3351277139463893,0.4841807052582854,0.529594242354025,0.529594242354025,B5,102
0.4738955823293172,0.34403364024244265,0.4883156885267965,0.5661412333024929,0.40539948115463664,0.5337586144875925,0.579211690456066,0.5232157026610262,0.5232157026610265,B5,101
0.47791164658634533,0.5008788557879882,0.5095224598982213,0.6886760530609455,0.3034851554835507,0.543809198555711,0.5984931580326043,0.5256071738433628,0.5256071738433632,B5,100
0.48192771084337344,0.6332504490348465,0.3878542356556949,0.7323216441732905,0.34002374520196454,0.5167520701498338,0.44033982045008013,0.5144003748075048,0.514400374807505,B5,99
0.48594377510040154,0.5811166796100351,0.9689766051671818,0.6250824659248635,0.431586105534016,0.5992923775739991,0.6194864416937831,0.5141098026191893,0.5141098026191895,B5,98
0.4899598393574297,0.7225402564861954,0.5775252121172265,0.42677843680127436,0.553610220242172,0.4131720651017916,0.5930598632926141,0.5054591231752592,0.5054591231752597,B5,97
0.4939759036144578,0.22690470074239277,0.3725868897902789,0.44646709547103525,0.36784331032085316,0.5474767359670962,0.4297226837270509,0.504697806233642,0.5046978062336422,B5,96
0.49799196787148586,0.6292226551774502,0.5642769862015218,0.6065190050343849,0.4337158650500865,0.21244061434635864,0.41865576820771633,0.5034064796182276,0.5034064796182278,B5,95
0.502008032128514,0.6461531940930318,0.4315593123782211,0.9090330978282277,0.5211562266557657,0.61192005564324,0.6755745053159048,0.4968358128750263,0.49683581287502654,B5,94
0.506024096385542,0.3753740487524144,0.43892878040414196,0.9670129887981727,0.5979274988433745,0.5414583284072101,0.6306290175647327,0.49053943346597695,0.49053943346597717,B5,93
0.5100401606425702,0.5177102709433923,0.5725894845591704,0.5590351685132147,0.34761995106002264,0.5538119730718336,0.8963120426561675,0.49000468496395944,0.49000468496395966,B5,92
0.5140562248995983,0.5708855881930859,0.42991171958327,0.34378552989435907,0.6261050724751933,0.6728312550295024,0.6305275637712673,0.48278090976840793,0.48278090976840815,B5,91
0.5180722891566264,0.38584888457026834,0.6783290011402521,0.5899669870256239,0.5850175578024523,0.8284903978968603,0.6143508724800935,0.48660009217960076,0.486600092179601,B5,90
0.5220883534136546,0.5611520750738808,0.72452977426037,0.398903235547301,0.5902447018296191,0.6505310114450249,0.542466958993153,0.48526519820969827,0.4852651982096985,B5,89
0.5261044176706826,0.38878895134794056,0.4809711509170622,0.6903802966792281,0.3150135575435207,0.559154739169514,0.853907884222251,0.47540126155348683,0.47540126155348705,B5,88
0.5301204819277108,0.35745433654025005,0.5005198100376411,0.7468911933868472,0.4151894658935307,0.3941407683636644,0.48823263542969864,0.47333728270321807,0.4733372827032183,B5,87
0.5341365461847388,0.39912581220509047,0.6511841554925883,0.5937655759520593,0.34134558792600345,0.7966148902590215,0.3426428278601321,0.46505017629733003,0.46505017629733025,B5,86
0.538152610441767,0.5617947664024225,0.4646896259189397,0.5073000735864541,0.46761224081524455,0.4710105640953073,0.5712581047054561,0.4675553792701719,0.4675553792701723,B5,85
0.542168674698795,0.627517889586884,0.33439729706362975,0.3853807866674481,0.3386342432366236,0.471453532421116,0.35057624001073995,0.4597684999212446,0.4597684999212446,B5,84
0.5461847389558232,0.3212764521458913,0.4808549886047917,0.6670358396402469,0.23972298848843732,0.5291811083902149,0.3807410487822813,0.45153935938542644,0.45153935938542666,B5,83
0.5502008032128513,0.446114609662692,0.5726273740656804,0.513187342635868,0.17785894491230758,0.45314703293253555,0.416873830201693,0.4453469957584988,0.445346995758499,B5,82
0.5542168674698794,0.45485536400092696,0.5001689444974069,0.46859805773847096,0.5850003895489819,0.7633507944247464,0.5562348869252189,0.4579143236911465,0.4579143236911467,B5,81
0.5582329317269076,0.6689570418760575,0.5754903892110246,0.8569343599042689,0.48506216515803624,0.4962635714436334,0.4127358957925704,0.4408684441604458,0.440868444160446,B5,80
0.5622489959839356,0.39308673892717083,0.6573204174289202,0.5050595888115894,0.5059702801415082,0.4628304299970394,0.62823721059394,0.443840292590052,0.443840292590052,B5,79
0.5662650602409638,0.4007962674862098,0.8096079076227252,0.38265116041983527,0.19863109648431765,0.8129229578369901,0.4281598009601142,0.4313640949669202,0.43136409496692063,B5,78
0.5702811244979918,0.6757302392254076,0.6589808746883357,0.5271007346199128,0.4823754678132688,0.6685121233929412,0.4486754602237659,0.43040788006761277,0.43040788006761277,B5,77
0.57429718875502,0.6506827206134576,0.4371501282552348,0.7004280601180448,0.4081628485985376,0.5034943507241618,0.61890822687075,0.43242808298553137,0.4324280829855316,B5,76
0.5783132530120481,0.6463800507095172,0.6779673075783563,0.7966759234275931,0.3639696396146821,0.5434948421176982,0.6424671308177152,0.42436710662418964,0.42436710662418986,B5,75
0.5823293172690762,0.3698548463961884,0.3812364251934319,0.7852990437515666,0.33071571665080635,0.5648607443829599,0.6530445102041424,0.4139788881881017,0.41397888818810213,B5,74
0.5863453815261043,0.681747828033342,0.6506590670635699,0.8396734248045821,0.42996648947380045,0.9089980058996705,0.7874261971852756,0.4115699335205312,0.4115699335205314,B5,73
0.5903614457831324,0.3716638022181049,0.11973102765919919,0.7677348060907123,0.48190013775796947,0.3361356453130149,0.9674089918311828,0.40026444366184255,0.40026444366184255,B5,72
0.5943775100401605,0.4978499351865795,0.47275971504991077,0.10318971521702025,0.4879269783685922,0.564005449027704,0.6310982775154219,0.4100180183638473,0.41001801836384755,B5,71
0.5983935742971886,0.3854143528923484,0.7349001958163264,0.445547338459237,0.26970592504168556,0.4368049428078551,0.6961749632170835,0.40797312137108466,0.4079731213710849,B5,70
0.6024096385542168,0.7052146847940368,0.6621288927924329,0.6746241587401367,0.7142997300182539,0.5669151233304779,0.5594307173577739,0.39495224510161964,0.39495224510161975,B5,69
0.6064257028112449,0.47440185713577465,0.5244634346958108,0.5109661206375042,0.4449687623002192,0.4211312821843436,0.42151195320871304,0.3996389764533712,0.39963897645337143,B5,68
0.610441767068273,0.6526360289938702,0.4371981180283928,0.39704422271000617,0.47612526910514674,0.4746072961811727,0.6465661843768218,0.38783851209721487,0.387838512097215,B5,67
0.6144578313253011,0.39873359101495276,0.4783061615694084,0.6012343431307792,0.11146799785836414,0.8551810560499105,0.6575886314658543,0.3862307468104319,0.3862307468104321,B5,66
0.6184738955823292,0.6427522621156103,0.40937722623571915,0.51157914430138,0.4468425784123653,0.21321598619422266,0.308367132704094,0.385787749719967,0.3857877497199673,B5,65
0.6224899598393573,0.6237923159992684,0.5770227405822137,0.7735841418619094,0.46537149560848023,0.8066487363368151,0.4670341518983161,0.3779818907562438,0.37798189075624367,B5,64
0.6265060240963854,0.5950236315712334,0.5040174090805376,0.5840531638025164,0.4314695882856392,0.5400528549925137,0.41580702923046076,0.369621390551401,0.3696213905514011,B5,63
0.6305220883534135,0.5571914563223204,0.1981384418673855,0.6879925918250955,0.6994203262038026,0.45423019893239003,0.5427615149432068,0.36665466782519984,0.36665466782520006,B5,62
0.6345381526104417,0.4981177424721537,0.6052252700209042,0.8725744783038492,0.5249985204020087,0.5389210696702422,0.7177508681317573,0.3659327146311879,0.36593271463118815,B5,61
0.6385542168674698,0.48389417502128995,0.4771610743274497,0.4382451651035111,0.3516949327980723,0.45996886450101715,0.7704528412124887,0.362268965839197,0.3622689658391972,B5,60
0.6425702811244979,0.5460226304078084,0.5018017249910258,0.40424844522990266,0.6379318558399576,0.5737873907486699,0.4798021518655844,0.3548143666368919,0.35481436663689225,B5,59
0.646586345381526,0.538460443115893,0.48856899916048313,0.5639734291887875,0.4965157902435591,0.7850057127332679,0.656850897387828,0.35382433583495365,0.35382433583495376,B5,58
0.6506024096385541,0.6030516192083277,0.36459276721594946,0.581155867988504,0.3590464455060629,0.599813653642175,0.7500034026611035,0.35002054329973853,0.35002054329973864,B5,57
0.6546184738955823,0.515924763099054,0.723469438257025,0.6389142517083095,0.42471510128433687,0.5438895044042804,0.9377000280066694,0.35013462175759447,0.3501346217575947,B5,56
0.6586345381526103,0.21960071836079553,0.6812123347877481,0.4577426554291395,0.24191014917810882,0.5138079743720563,0.5015330685202581,0.33653163906709926,0.3365316390670996,B5,55
0.6626506024096385,0.5152101637141167,0.5476402586884088,0.7041813060371993,0.43577181006476584,0.5769383169688187,0.4247820925615948,0.33400047045961445,0.33400047045961456,B5,54
0.6666666666666665,0.5742077257094338,0.4326180664399981,0.5998133134943564,0.30014248103450614,0.5817966915759865,0.26750921320778076,0.33250217669755633,0.33250217669755655,B5,53
0.6706827309236947,0.42372365819752766,0.320503470711337,0.32582960535860206,0.5084722585613788,0.37590135559096116,0.27096090818418217,0.32664517972316864,0.32664517972316887,B5,52
0.6746987951807227,0.5308449443396419,0.4563420148272659,0.7296485827306074,0.41601691482790804,0.6924827350770264,0.41551658021161897,0.3290081350068791,0.3290081350068793,B5,51
0.6787148594377509,0.6642102305880919,0.5956977642306409,0.4376288103941324,0.6170721424688845,0.6301198763195097,0.45675294400368127,0.3146081684672617,0.3146081684672618,B5,50
0.6827309236947791,0.6607012706122544,0.44280056794113065,0.5226728650329444,0.4125816196606449,0.7064418177243112,0.8979382374065499,0.32193862467743917,0.3219386246774393,B5,49
0.6867469879518071,0.5926031116564099,0.48050947604991734,0.27549026406887567,0.5136556261884406,0.0769154860968504,0.5371707429352082,0.3083547839110975,0.3083547839110976,B5,48
0.6907630522088353,0.578723401301066,0.0,0.672014179941367,0.46391781893041406,0.4672512591873508,0.2943334684059953,0.30709052346880417,0.3070905234688044,B5,47
0.6947791164658633,0.7041238994965835,0.3203880898578948,0.6575509490205302,0.19095398300407895,0.6915794516595586,0.437909605203048,0.30754090814345214,0.30754090814345203,B5,46
0.6987951807228915,0.8940369976859261,0.36359199759158045,0.45617672415315136,0.45732040324211143,0.5980574302559152,0.4046769528342731,0.2942166191299186,0.2942166191299187,B5,45
0.7028112449799195,0.6766960004602076,0.5556164383332156,0.3312755447376343,0.5783011143207082,0.4477908040309959,0.395609691228084,0.3019461498704059,0.3019461498704059,B5,44
0.7068273092369477,0.5402190897736776,0.4672753514323542,0.39668702388918886,0.42664039732188286,0.7897001221251498,0.7410878770824421,0.29370006383989977,0.2937000638398999,B5,43
0.7108433734939757,0.2797737119925381,0.7802411330003327,0.5530666194251448,0.42291330714806374,0.7239778869203408,0.48881970247937634,0.28711252376426644,0.28711252376426655,B5,42
0.7148594377510039,0.23455425459914436,0.5291965690243092,0.48298698548935226,0.5198734941057461,0.4472804932812122,0.5315487579969993,0.28692047250289365,0.28692047250289376,B5,41
0.718875502008032,0.6451496001378496,0.5100292408919387,0.7430367025238573,0.2754989699133308,0.3464335821830786,0.41900091653836524,0.28133232260894137,0.2813323226089415,B5,40
0.7228915662650601,0.7921016021139997,0.2928045322525321,0.6424390704482565,0.5123514543803362,0.7810774789905848,0.5704261228563032,0.27489625124939443,0.27489625124939454,B5,39
0.7269076305220883,0.5557083355196935,0.6184741198026309,0.6599388748753889,0.24782425313972078,0.8482182525751969,0.5877582140591557,0.27076481812023734,0.27076481812023745,B5,38
0.7309236947791163,0.48753786688086054,0.6838074266191896,0.318910114932919,0.44688104549403196,0.6365638486914669,0.6781775397640843,0.2708640166088092,0.27086401660880954,B5,37
0.7349397590361445,0.38004684821604195,0.27696189721224584,0.4474855386836962,0.3111724651743657,0.0,0.43969877452333606,0.2614170883388851,0.2614170883388852,B5,36
0.7389558232931726,0.6115890427519324,0.3692455571419284,0.8840211377226193,0.5036073712761446,0.4967398885663048,0.7583170741102143,0.2586928540819059,0.2586928540819059,B5,35
0.7429718875502007,0.5374559730733071,0.4135178765998262,0.6651301116451225,0.47283637122120714,0.41911298062172153,0.41140298761754535,0.26183062930433987,0.2618306293043402,B5,34
0.7469879518072288,0.6799628056006388,0.5149711607440999,0.6576811735802068,0.24661831676479906,0.5147294134233793,0.5838210516127376,0.2580737378036163,0.25807373780361653,B5,33
0.7510040160642569,0.6342730715007265,0.3772640267119627,0.5923941636420484,0.5025316612449604,0.6263543821251751,0.677820298836445,0.25149763234822153,0.25149763234822164,B5,32
0.755020080321285,0.5012068026894128,0.3307555288405286,0.358391166642964,0.5986829845147956,0.44012323180236446,0.38458507947845755,0.24848576924486387,0.24848576924486399,B5,31
0.7590361445783131,0.3346402978918508,0.3964510631207183,0.76470878733589,0.4366526415172207,0.38986809806153944,0.40896954496306215,0.23980874260647245,0.23980874260647267,B5,30
0.7630522088353412,0.3986195896653979,0.3246624670147309,0.5934644540850296,0.32330449944343975,0.7616403513351644,0.36390572823095013,0.22967739618236982,0.22967739618237004,B5,29
0.7670682730923694,0.5862096295977792,0.7197380550707102,0.538000996979866,0.4175824938084438,0.42911186941619417,0.6782270568252042,0.23389080022846975,0.23389080022846997,B5,28
0.7710843373493975,0.46966848261462735,0.589556693874707,0.3065510860337737,0.445187557693544,0.2735382107275126,0.5915294997989853,0.2293887283845365,0.2293887283845366,B5,27
0.7751004016064256,0.6842239747858381,0.3318741484627168,0.49552742455895427,0.2661914845679818,0.33995099037677257,0.35768723493665533,0.22667718972362694,0.22667718972362694,B5,26
0.7791164658634537,0.5786145792762947,0.7339313731601429,0.4819875876073394,0.641032094770924,0.5359044082674886,0.7038658654128609,0.22283422109668094,0.22283422109668116,B5,25
0.7831325301204818,0.6094373145822496,0.4426753756762398,0.5133135667206905,0.48996074043665994,0.3157228726072465,0.9420742597590119,0.21681722043587737,0.2168172204358776,B5,24
0.78714859437751,0.5406705952624917,0.26947064269989873,0.7614850581109511,0.47230076245050734,0.7011227182639743,0.43322525076507423,0.2146635712023598,0.2146635712023599,B5,23
0.791164658634538,0.5247592837573944,0.5312652746526094,0.8154636545983158,0.6133396950294232,0.31257886971320503,0.7355456441351027,0.21292907877726763,0.21292907877726752,B5,22
0.7951807228915662,0.467444208571435,0.5929146788489348,0.6073447850411227,0.4501750590928526,0.24765706987125125,0.562120016557345,0.20977721582530984,0.20977721582531017,B5,21
0.7991967871485942,0.5099196716319532,0.38652283541467547,0.7245599341910043,0.09878236691983,0.6707602748762687,0.2820341459239817,0.20931837599677994,0.20931837599678005,B5,20
0.8032128514056224,0.6028433682955807,0.4652219699407869,0.4800925482256502,0.4479772120377499,0.387377414110343,0.5723675502985301,0.1980809582943981,0.1980809582943983,B5,19
0.8072289156626504,0.5379874569762073,0.7022662831557405,0.42226875200447944,0.42384707654451326,0.33056972090978687,0.5026804595198859,0.19379949525296558,0.19379949525296558,B5,18
0.8112449799196786,0.5390923390082083,0.712031075470966,0.6147964500157013,0.4693927320635316,0.7992983656445158,0.5034274196437685,0.1830310781864657,0.1830310781864657,B5,17
0.8152610441767068,0.4466029348802576,0.5643864464123691,0.21166601380062522,0.13034008731900304,0.14118795845848364,0.6814833809830465,0.18371619179051402,0.18371619179051413,B5,16
0.8192771084337348,0.652188776826693,0.47681928963155507,0.8729930969776727,0.3149300229903962,0.6660145119154586,0.7443864727132881,0.17450260120966277,0.17450260120966288,B5,15
0.823293172690763,0.6595895298283723,0.6364729422809265,0.3136201508641583,0.6113395167371558,0.4294775991569926,0.40316560845620275,0.17481344323398407,0.17481344323398407,B5,14
0.827309236947791,0.6361308537361046,0.6380706593506744,0.42397322261180914,0.41289972121977847,0.6336317846726873,0.5125914713915494,0.17067321437335436,0.17067321437335448,B5,13
0.8313253012048192,0.5448451661792322,0.4593102750996838,0.5808394436535531,0.3388285793166115,0.6156275987968423,0.6095984851923055,0.16426092432885786,0.16426092432885808,B5,12
0.8353413654618472,0.5470832226273354,0.4944142073640503,0.4940688533228532,0.43102690569294033,0.3645791255677595,0.6892833319239897,0.1639085158332505,0.1639085158332505,B5,11
0.8393574297188754,0.7094336871714977,0.5433103896195188,0.4026258383514931,0.4627257849600963,0.7472970248746336,0.7207321576293912,0.16494466397167984,0.16494466397167995,B5,10
0.8433734939759034,0.3186146515531736,0.44829718649076433,0.5544123041729065,0.3496842584312727,0.5973638952055926,0.45408862353265533,0.14796729622617777,0.14796729622617777,B5,9
0.8473895582329316,0.3436062826986195,0.6223037635001454,0.6090654051542268,0.21207482787823606,0.4445385558920649,0.6113647466082566,0.15693954429777546,0.15693954429777546,B5,8
0.8514056224899597,0.5190222472569348,0.6481212253992155,0.9535926401628525,0.569953606128291,0.4008723821848028,0.5975360592287866,0.14533695958480752,0.14533695958480763,B5,7
0.8554216867469878,0.5365373548422423,0.6097195370009771,0.6810832649575072,0.35033752904517,0.7027512649736334,0.536572621418415,0.14816483324081586,0.14816483324081597,B5,6
0.859437751004016,0.5441523055977604,0.5592429606052178,0.6815667866651047,0.511542589281512,0.6652580623186355,0.45110555060649205,0.14031950423572737,0.14031950423572737,B5,5
0.863453815261044,0.45799241514481226,0.5594266578726508,0.41829944602765723,0.3641925933443684,0.3689559171730721,0.8233735552110457,0.13592218593489458,0.1359221859348948,B5,4
0.8674698795180722,0.56800965546503,0.3716484356158123,0.38688269203876713,0.6482593587837333,0.588596218456207,0.5233991095697466,0.1257022469972774,0.1257022469972775,B5,3
0.8714859437751002,0.617117807878061,0.7502569100470087,0.7064100912948947,0.4861731419439952,0.40538735432274997,0.4012096823818476,0.12959921205556946,0.12959921205556957,B5,2
0.8755020080321284,0.2867933130505633,0.5628360620300779,0.5977526471276708,0.08175009353604734,0.6062945396216175,0.560287757760003,0.12872762506568036,0.12872762506568025,B5,1
0.8795180722891565,0.4883671179731106,0.6164401093304885,0.5061725961868317,0.32821993572510166,0.6651206382012036,0.5885940656469444,0.11852211048791628,0.11852211048791628,B5,0
0.0,0.6141807179918675,0.5048988325646597,0.5282088358652794,0.36085892601715264,0.6300726325164665,0.3769084450805642,1.0,1.0000000000000002,B6,209
0.004016064257028112,0.5473923582585742,0.5032123220873039,0.2067489197411705,0.4631910878095389,0.3738328508908775,0.6847549383630982,0.9885345684429383,0.988534568442939,B6,208
0.008032128514056224,0.5143184488764156,0.669894603835294,0.3766430633066662,0.4071627577400072,0.5729899610215539,0.6694449489863477,0.9956425730919212,0.9956425730919216,B6,207
0.012048192771084336,0.24469749665268736,0.36148011285553494,0.9336016285998947,0.2575855544036605,0.761731376284756,0.30372378742790307,0.9882112626984016,0.9882112626984021,B6,206
0.01606425702811245,0.7471032256467427,0.7414363737041825,0.37424138950988306,0.4273063755933695,0.4553904933265449,0.6851053988984623,0.9866041873837488,0.9866041873837492,B6,205
0.020080321285140562,0.3473060123605005,0.5411769034338256,0.5690001501891988,0.18821340639326545,0.3302494474382911,0.32233480419204685,0.9796047939163586,0.9796047939163592,B6,204
0.02409638554216867,0.6631352073911403,0.37489133228757865,0.62953551984462,0.4139730560626167,0.5820160636908405,0.4983763169593347,0.9785521626986424,0.9785521626986429,B6,203
0.028112449799196783,0.6325429963806317,0.4013319174696264,0.8630032908308074,0.4384341240960574,0.7024854957052229,0.4944215112440502,0.9724434228330794,0.9724434228330798,B6,202
0.0321285140562249,0.6723841174417875,0.33188628072637094,0.6697827481732439,0.6092761309464696,0.7428453245367446,0.6603652910116478,0.9653802325113254,0.9653802325113259,B6,201
0.03614457831325301,0.36754242006686266,0.5503944759187025,0.1599179980206511,0.36694756889506985,0.44831483290651497,0.49590463837957,0.9647862360064605,0.9647862360064612,B6,200
0.04016064257028112,0.7157966799032973,0.33722269724462706,0.5722199322526866,0.4567039714578667,0.4500806107079549,0.4031018715253447,0.9683221943367795,0.9683221943367801,B6,199
0.04417670682730923,0.4446514938612536,0.6799648196104773,0.29493342749241336,0.2617043887689432,0.4849607660934798,0.40517916776306206,0.9629410018953939,0.9629410018953943,B6,198
0.048192771084337345,0.6666336149479588,0.2670344444725412,0.7929718827958232,0.4935968382285485,0.4454888857786212,0.30484911637815815,0.9553016953586324,0.9553016953586326,B6,197
0.05220883534136545,0.5178046309124087,0.6019338105080916,0.7884328825014313,0.5393912522873854,0.6824272040524058,0.5700630609489794,0.9453691669787563,0.9453691669787572,B6,196
0.056224899598393566,0.4585010190445935,0.5112154160885893,0.7557793180125172,0.4700229792187538,0.6059190000976247,0.34026180039192644,0.9479600686424092,0.9479600686424099,B6,195
0.06024096385542168,0.6126965428328315,0.5744229101438272,0.2295197117088419,0.4351166412549947,0.5884316974538024,0.26064544184485516,0.9387649258446866,0.9387649258446871,B6,194
0.0642570281124498,0.6081460298373462,0.2480248761676851,0.7596541742646745,0.7604804539761569,0.6736982021842759,0.3802623165355934,0.9384358528057506,0.9384358528057515,B6,193
0.06827309236947791,0.532561663646681,0.6215862115678643,0.41365643708445576,0.42237551238871474,0.577828164906006,0.8650863501289536,0.9338611409244026,0.9338611409244033,B6,192
0.07228915662650602,0.7175850074341112,0.5676725180329889,0.4464848510326678,0.3949145152031148,0.5221147979920759,0.4258080824400814,0.9334643264472708,0.9334643264472711,B6,191
0.07630522088353414,0.5015626423143942,0.1891879798626146,0.35356730535071357,0.40806937324172,0.6651123100675993,0.5948708079578231,0.9213603428992783,0.9213603428992789,B6,190
0.08032128514056225,0.5329098974030235,0.5806689088666364,0.8016583540639428,0.5240983002619659,0.448758287971027,0.552597528351793,0.9249434175916285,0.9249434175916289,B6,189
0.08433734939759036,0.6596238516901609,0.39354445662673143,0.43355340797292774,0.3388737788239915,0.414838979700757,0.2969264910735139,0.9148272775958586,0.914827277595859,B6,188
0.08835341365461848,0.7393486790811119,0.29001271117809857,0.4379225451626003,0.25968175973033025,0.5933794052714025,0.25718864254092555,0.9195376416234384,0.9195376416234389,B6,187
0.09236947791164658,0.37765502563434294,0.3768558433389071,0.5165118625059164,0.34688384537958594,0.871836879592446,0.5182819089773631,0.9108738688813882,0.9108738688813891,B6,186
0.09638554216867469,0.6889578706258881,0.5910119245289565,0.509760567275785,0.4202510370605621,0.8781149145423033,0.7185822252523315,0.899066980757562,0.8990669807575626,B6,185
0.10040160642570281,0.2534485247799907,0.3645877726808546,0.26606037577036723,0.6330560802177243,0.6404966618229844,0.6413603493779583,0.9001623246954908,0.9001623246954917,B6,184
0.10441767068273092,0.7799731134623733,0.3153517015079501,0.6541138949831309,0.5021238803654979,0.5021546749211556,0.5605151536823665,0.8919811013552923,0.8919811013552932,B6,183
0.10843373493975902,0.456877422363265,0.5898075342998634,0.5906801126406585,0.5176502584106988,0.5777630765878374,0.38388610443412974,0.8891050051544598,0.8891050051544602,B6,182
0.11244979919678715,0.4497235403645927,0.3809922327875874,0.7059903112030828,0.5731479600245644,0.2175265227550467,0.5967211355040929,0.8826250902272137,0.8826250902272137,B6,181
0.11646586345381525,0.44784320286010293,0.4862764220873981,0.7544336452291316,0.5391304378185549,0.3384448657475667,0.4721083705034692,0.8812771011220804,0.8812771011220806,B6,180
0.12048192771084337,0.6039441486876014,0.2993122261215859,0.5432204782489154,0.3394015669932342,0.5807218051518654,0.5518907034602254,0.8842603567377911,0.8842603567377914,B6,179
0.12449799196787148,0.6857177732931512,0.6574058242690626,0.5034717298536409,0.3346412763099047,0.34373103234149305,0.5549650999046634,0.8800774745094064,0.8800774745094071,B6,178
0.1285140562248996,0.41686940295004526,0.553498749337777,0.5210444666578113,0.25200608444704153,0.48380429008119274,0.6551152365939279,0.8671615248855351,0.867161524885536,B6,177
0.1325301204819277,0.5308464551819125,0.7768780092223757,0.33155085212422497,0.4487172140524205,0.5998904912744267,0.7903408152721974,0.8684286816717626,0.868428681671763,B6,176
0.13654618473895583,0.5654954740950626,0.6669086468827885,0.3190846696341896,0.5687181206296295,0.5462466178647312,0.27126023360035356,0.8590968299145412,0.8590968299145416,B6,175
0.14056224899598393,0.5640840791177169,0.37315206619778074,0.502614661459424,0.20626284159206376,0.38419847483207614,0.6360786665394271,0.8617904772339267,0.8617904772339269,B6,174
0.14457831325301204,0.3308505195601932,0.5991521791169703,0.340871276184572,0.38850007193766434,0.2649710156096694,0.3765429209567377,0.8617161463947789,0.8617161463947793,B6,173
0.14859437751004015,0.4991806245983128,0.40723236772377014,0.7561404800999147,0.6147128588244652,0.7221720008194947,0.7086231540724652,0.8593130202875485,0.8593130202875494,B6,172
0.15261044176706826,0.6263548142920783,0.40489318101350236,0.3378151963222309,0.48592563790396204,0.4796102608469319,0.3870705648854478,0.8517259515532327,0.8517259515532332,B6,171
0.1566265060240964,0.30145600554452856,0.4855372592035092,0.21403902549227904,0.6210156470525203,0.2959582229235518,0.45645857832144987,0.844035046910482,0.8440350469104823,B6,170
0.1606425702811245,0.42711904479070806,0.500216388683457,0.5345045837174789,0.36044242023221296,0.6318898105876283,0.8265015531409134,0.8393258628279647,0.8393258628279652,B6,169
0.1646586345381526,0.2070920157904852,0.5559691186870008,0.4606989459808344,0.4068691275666776,0.4335971209463303,0.7123322319977778,0.8359157098268148,0.8359157098268153,B6,168
0.1686746987951807,0.500390189080294,0.30405151245270723,0.2762191395769946,0.3028194720448094,0.6566372325326391,0.5406242426008556,0.8339507948997551,0.8339507948997553,B6,167
0.17269076305220882,0.47151474387481995,0.6382829077262375,0.4245129284795164,0.5802731398424235,0.7487270125142178,0.44923638829148915,0.8260511866170908,0.8260511866170912,B6,166
0.17670682730923692,0.6716183786000904,0.6962199286132051,0.5878035224258165,0.5152228585573813,0.3141033724797824,0.49582463264853827,0.8261429745604769,0.8261429745604774,B6,165
0.18072289156626506,0.4814214515553048,0.40044539536245516,0.5966760368550319,0.3795804090750434,0.43364300248389287,0.37422967851013045,0.8255512286531699,0.8255512286531703,B6,164
0.18473895582329317,0.7373231272040335,0.4630061822950271,0.7000007286500094,0.2855336797781134,0.526965500234615,0.40686770184602583,0.8214691513335539,0.8214691513335544,B6,163
0.18875502008032127,0.2879891583983001,0.5212304770804561,0.7252851801659328,0.34030391780889646,0.5318325632970451,0.12493534318578003,0.8137825957357394,0.8137825957357399,B6,162
0.19277108433734938,0.34605395950340867,0.8046755957775673,0.7498643072788012,0.43933135970305326,0.44164015394103595,0.4446243245470014,0.8076955660775356,0.807695566077536,B6,161
0.1967871485943775,0.3195998552607968,0.4227368152415618,0.7265711065323899,0.4687945097546322,0.3563223968627327,0.5735858896402726,0.801537747818946,0.8015377478189467,B6,160
0.20080321285140562,0.5781907240007695,0.45958227732629453,0.8456108163747214,0.43906912413051913,0.560488871081025,0.7908512146934954,0.8042375773653072,0.8042375773653077,B6,159
0.20481927710843373,0.7857894180600753,0.4270955220788064,0.6247393647606962,0.46667021541923237,0.6558122567614486,0.32199489890773814,0.7928827754086019,0.7928827754086023,B6,158
0.20883534136546184,0.4253971031038961,0.415921238972496,0.5780626132707556,0.30695719051209913,0.35650750288945376,0.5571154059729206,0.7896613134024555,0.7896613134024559,B6,157
0.21285140562248994,0.3555177442711257,0.24999848397074587,0.4263583394701236,0.26873714800041215,0.3754350810517644,0.34600619947300704,0.7916603879681905,0.7916603879681909,B6,156
0.21686746987951805,0.3234761209375454,0.3389457565678313,0.5011053529140477,0.5810425461544053,0.360211551715395,0.4600533723684883,0.7813917982322285,0.7813917982322289,B6,155
0.22088353413654616,0.6234283646327006,0.4977399968663079,0.7626100311789372,0.3743247934223377,0.5533546810406655,0.3231450431908547,0.7808189305938817,0.7808189305938824,B6,154
0.2248995983935743,0.49691186327873105,0.584507980203206,0.7135052224708267,0.5913060124678715,0.5358864159246206,0.4821283041401836,0.7770640392862813,0.7770640392862815,B6,153
0.2289156626506024,0.5111389092041914,0.265005042134165,0.8208702387487605,0.39665475361076297,0.7919885077559528,0.3633385069917505,0.7672219993018083,0.7672219993018088,B6,152
0.2329317269076305,0.33745503952500044,0.6872321958533796,0.7016354093204811,0.5626848645664637,0.5704152616378151,0.5627972973906075,0.7672095131177366,0.767209513117737,B6,151
0.2369477911646586,0.4784296034491029,0.6839773548295032,0.6866079570638304,0.5013469636325723,0.47712507216247046,0.7342956673234702,0.7658175718511699,0.7658175718511702,B6,150
0.24096385542168672,0.389215725755921,0.581968957359944,0.3807238297667235,0.4220966658119081,0.5759219122898069,0.446578020821494,0.749358598614414,0.7493585986144142,B6,149
0.24497991967871485,0.5743808352236845,0.3907811924294613,0.4725326639611387,0.39943153283925525,0.6526786950546599,0.8521626393684518,0.7560368149820598,0.75603681498206,B6,148
0.24899598393574296,0.6598749803784298,0.46623739863007785,0.8689009548631672,0.5816371180110016,0.39921298023772755,0.6541798958772378,0.7497107623345758,0.749710762334576,B6,147
0.25301204819277107,0.4882390462560591,0.5080927361011032,0.617614433045012,0.4427541088330873,0.39281516982978526,0.5064851237753256,0.7572862561049563,0.7572862561049567,B6,146
0.2570281124497992,0.6116394780124654,0.37383431859015204,0.634511286003113,0.2674016433866062,0.4505624456645818,0.8405428393369081,0.7475843615392321,0.7475843615392326,B6,145
0.2610441767068273,0.7157574370128064,0.5812579626541243,0.7328299852823537,0.34354106132071793,0.4144492142027665,0.4253842891937376,0.7408693871661518,0.740869387166152,B6,144
0.2650602409638554,0.5002844549890957,0.5014626327581695,0.5794024806700007,0.2514992931713276,0.6659492708915029,0.47763209515046423,0.7349706506096301,0.7349706506096305,B6,143
0.2690763052208835,0.37344103167947473,0.9214946752595399,0.6930862998106324,0.3211391066218976,0.6385934491666181,0.6495867717015757,0.7301574594891371,0.7301574594891376,B6,142
0.2730923694779116,0.5367861926320701,0.4862411155929607,0.5709086725996881,0.27000548636622357,0.6490349441876015,0.16244102496533586,0.7266012039639436,0.7266012039639438,B6,141
0.27710843373493976,0.3757267476984749,0.4273207668788537,0.9019566852270873,0.387519431436969,0.36860212148264737,0.47482634716842576,0.7304597615496349,0.7304597615496355,B6,140
0.28112449799196787,0.5663837949395936,0.5191000055764992,0.3755558900548097,0.4945244370351478,0.4579839459596524,0.634042212194307,0.7200515528393512,0.7200515528393514,B6,139
0.285140562248996,0.5310209608734584,0.3416608010643589,0.40893501245307995,0.33697179110210795,0.45843632251307476,0.3700876824773762,0.7216533953342126,0.721653395334213,B6,138
0.2891566265060241,0.7406485408522441,0.5539080724381957,0.5146783776612889,0.46535603044097007,0.19131995668461732,0.6091176116798285,0.7101521061956935,0.7101521061956939,B6,137
0.2931726907630522,0.5186884495925599,0.38359815749784154,0.5485107360451877,0.45147188809318406,0.4849664857023248,0.726778935501899,0.7088088486324928,0.7088088486324933,B6,136
0.2971887550200803,0.760665869891942,0.6315762072597764,0.6882161387907471,0.398085521504564,0.571226874808251,0.44378402554224783,0.710469901070931,0.7104699010709317,B6,135
0.3012048192771084,0.5892361563899411,0.4366506857143353,0.6889377107325574,0.7145536034754412,0.5907128369073695,0.47188698218691627,0.7014421453368729,0.7014421453368731,B6,134
0.3052208835341365,0.4302192774104754,0.5977824608275863,0.6544908238587968,0.37904851580062715,0.6400603504935927,0.767166535328462,0.6933033640706745,0.6933033640706749,B6,133
0.3092369477911646,0.3419903798268802,0.6169230596659379,0.7174409657245713,0.5208015590274906,0.5999901786511748,0.4230301242866239,0.694022597070751,0.6940225970707514,B6,132
0.3132530120481927,0.5968496498346703,0.31441546914086693,0.4983216836465312,0.4878565115900173,0.4537473183074223,0.5462924442237025,0.6862310974932646,0.6862310974932648,B6,131
0.3172690763052209,0.4971583806252291,0.5263528202255827,0.8777400911102946,0.5142140209311519,0.5340806319228901,0.5263343710341895,0.6817122263185493,0.6817122263185498,B6,130
0.321285140562249,0.41615278267129385,0.40435064717425817,0.4741018846577214,0.31112647674368477,0.48718953881208216,0.31191273912688766,0.6798257308641682,0.6798257308641686,B6,129
0.3253012048192771,0.4918628236695617,0.5430172964257327,0.47459610714900924,0.4044809779209406,0.7244984637830849,0.5839037503147182,0.6766297248653281,0.6766297248653284,B6,128
0.3293172690763052,0.5537850921037559,0.6822491695892907,0.45485122478764417,0.41440561210053595,0.6000427236676851,0.6345778224772554,0.6694737863068965,0.6694737863068967,B6,127
0.3333333333333333,0.5305878593381856,0.7067481827552697,0.33719457325463287,0.46188527109977073,0.7071413125609323,0.56201403159913,0.6692311607814525,0.6692311607814527,B6,126
0.3373493975903614,0.690857004028115,0.4419137959584756,0.5631224860826558,0.5211306771659201,0.6862538717393387,0.44587033566690515,0.6662657248765329,0.6662657248765333,B6,125
0.34136546184738953,0.36589450339181395,0.5358571750821035,0.7808891730970693,0.50374754678018,0.5899282317628616,0.4474335831838294,0.655395027462176,0.6553950274621763,B6,124
0.34538152610441764,0.5504444858355042,0.5132860052060728,0.46398753376751944,0.598245637404708,0.5262258538697981,0.581962491255978,0.6525598415292939,0.6525598415292944,B6,123
0.34939759036144574,0.3505545939491206,0.32614621114211495,0.5260087586158884,0.5715207079263043,0.6215009683948249,0.6910766649970519,0.6460814638983607,0.646081463898361,B6,122
0.35341365461847385,0.717917782714582,0.5869222380806782,0.545904246588413,0.5458112912712951,0.5280625029842554,0.6378246982954572,0.6508881490694098,0.6508881490694103,B6,121
0.35742971887550196,0.6093597943932565,0.5966875031348433,0.5058912349229896,0.5702563941121688,0.8163762458000887,0.5311312916523385,0.6448312578336433,0.6448312578336437,B6,120
0.3614457831325301,0.38906807924364717,0.39356169090081927,0.6184736697214821,0.505506864619063,0.36961846294842715,0.5358260657116456,0.6349488334178046,0.6349488334178051,B6,119
0.3654618473895582,0.5915835248855017,0.5940296449567537,0.7536337562763773,0.38672974646598046,0.46760029340240505,0.5664778196005584,0.6375468670531901,0.6375468670531903,B6,118
0.36947791164658633,0.7945253783120516,0.847643519554131,0.608498628279817,0.37547903748333633,0.4848648830103863,0.6736477111533716,0.6268826165436525,0.6268826165436527,B6,117
0.37349397590361444,0.4455804765013398,0.4717450631710083,0.5809911984569132,0.5319447417167331,0.5138894069214088,0.4061913159746706,0.6306764638199625,0.6306764638199627,B6,116
0.37751004016064255,0.37436062637385037,0.6194095769153751,0.3491308762205043,0.17305427636523385,0.8176120567721168,0.36541232742395824,0.6187216355451535,0.6187216355451541,B6,115
0.38152610441767065,0.7813365971416872,0.5564697659478792,0.6067329934165175,0.488373620265254,0.440250258176174,0.2808835520059558,0.6284171912407333,0.6284171912407335,B6,114
0.38554216867469876,0.6985629699192928,0.44741478136086776,0.38217131845376606,0.13935400255296804,0.6742038349704162,0.7688336235594995,0.6174794854838481,0.6174794854838483,B6,113
0.38955823293172687,0.40503375041205736,0.6161616672207444,0.985254310003778,0.6171753085212313,0.4712016014520104,0.7242642329369651,0.6117136255862363,0.6117136255862365,B6,112
0.393574297188755,0.5576121365773488,0.28869178158708486,0.4914790616104754,0.5002153454233889,0.4044490382534549,0.45470970604854166,0.6084272598141924,0.6084272598141927,B6,111
0.3975903614457831,0.4545911137255805,0.3827519074489043,0.6051489447228939,0.3813632387251795,0.5643390911171084,0.6426656559967108,0.6063767635732964,0.6063767635732968,B6,110
0.4016064257028112,0.6746930672599563,0.5021387905230164,0.5414230709542855,0.22382269569042634,0.6405833237155887,0.820081041792251,0.5985912122553299,0.5985912122553301,B6,109
0.40562248995983935,0.5917618317732574,0.5211586156161108,0.8542293561041427,0.40260727921369943,0.32172832069828705,0.24620763717577443,0.5914231283365872,0.5914231283365876,B6,108
0.40963855421686746,0.6657580361661224,0.5408829684322214,0.5585786220214422,0.8278848858111263,0.5113449319631456,0.5867958805280842,0.5916385612180937,0.5916385612180939,B6,107
0.41365461847389556,0.4285285710286042,0.7304181906858567,0.6572340421464471,0.4352406705427052,0.2501963298886727,0.6950805719915456,0.5864339370636564,0.5864339370636567,B6,106
0.41767068273092367,0.5665582650927159,0.39120543281186926,0.5190515641720981,0.14070873405824358,0.30731931964396697,0.3362051607100516,0.5783805709047842,0.5783805709047842,B6,105
0.4216867469879518,0.6488244331004993,0.6786446596974116,0.5153229242623212,0.5120215084206112,0.4650552387960958,0.4713921004010726,0.5752127195081647,0.5752127195081649,B6,104
0.4257028112449799,0.5315606866401668,0.5132881305167665,0.6151354411586536,0.6898823780784133,0.6768195684938145,0.711413033682204,0.580531384890383,0.5805313848903833,B6,103
0.429718875502008,0.6359361614519217,0.2666893825402248,0.5549744476925924,0.33647509520085084,0.7501181891640263,0.4650365329206805,0.5767473165565153,0.5767473165565158,B6,102
0.4337349397590361,0.7486791225811626,0.187223426856157,0.5395607665799433,0.491421794599598,0.2558935460508849,0.4548552228994214,0.5675864015963275,0.5675864015963277,B6,101
0.4377510040160642,0.5036201121828197,0.3704456422050857,0.5169982057809586,0.2872653547801458,0.6950862841656233,0.6175044728051202,0.5541641041602359,0.5541641041602361,B6,100
0.4417670682730923,0.43874862020687266,0.7484841443676391,0.683742117711879,0.27887318084444956,0.3314024010502885,0.8871547084764906,0.5676617062336442,0.5676617062336444,B6,99
0.4457831325301204,0.37667777492174737,0.651321852726074,0.4968281815252622,0.45092248564935833,0.3329506345976221,0.783020307929557,0.5509367570642627,0.5509367570642629,B6,98
0.4497991967871486,0.6428749890874887,0.39149237989364494,0.43527570929316717,0.46547580192679083,0.4235813299274711,0.44568783070510687,0.5481656247095332,0.5481656247095337,B6,97
0.4538152610441767,0.8094890425756849,1.0,0.9542328345161506,0.32253133947237966,0.5158615872161774,0.5859130970260882,0.544287640764034,0.544287640764034,B6,96
0.4578313253012048,0.6384723807543662,0.6414077767283626,0.7899032955390095,0.0,0.8407883105362508,0.4220967324057532,0.5455170938237497,0.5455170938237499,B6,95
0.4618473895582329,0.5614820125348083,0.34294785121601556,0.6555488017431537,0.2076565372379542,0.6044655155708392,0.4696353133746327,0.5381253932512344,0.5381253932512349,B6,94
0.465863453815261,0.6044015066116446,0.24038479853230754,0.4203271813405687,0.7496871800390412,0.4693085107544155,0.6827808730208806,0.5300307017721759,0.5300307017721761,B6,93
0.4698795180722891,0.37967409589693824,0.5171779058132397,0.47966548277623966,0.5363234324429187,0.5896403545630557,0.7534431805020745,0.5349380497151515,0.5349380497151517,B6,92
0.4738955823293172,0.5011987781025422,0.42687250462045867,0.6210487802522517,0.364806338415248,0.5803214448840455,0.5184097517096555,0.5214366575351572,0.5214366575351574,B6,91
0.47791164658634533,0.0,0.8770061451569706,0.6626501688074509,0.4587770152757611,0.4010108302498474,0.4123994444691541,0.5207796637723967,0.5207796637723967,B6,90
0.48192771084337344,0.6136381695614386,0.4417564263108513,0.5227967113021941,0.6014762701713519,0.4705708825485895,0.45554471369046867,0.5212124720701306,0.5212124720701308,B6,89
0.48594377510040154,0.316556493998728,0.47771089875206485,0.7895933145390339,0.4678190064433947,0.43526878145645465,0.49637747981941827,0.5136695288703685,0.5136695288703688,B6,88
0.4899598393574297,0.5920653860601648,0.31810969175865544,0.6649635835168817,0.39250371447332766,0.6447590079104584,0.8699991428749492,0.5133771151768092,0.5133771151768094,B6,87
0.4939759036144578,0.43298760908105316,0.4199162318236418,0.6241014532991245,0.010730427811266985,0.45327874882908503,0.46709436335724197,0.49929138167829934,0.49929138167829956,B6,86
0.49799196787148586,0.24836888993792305,0.42255105650384017,0.38702303551548445,0.44674550193451346,0.6397698679199773,0.3568883752140457,0.5030054309538123,0.5030054309538123,B6,85
0.502008032128514,0.43699384728829727,0.5920848667449565,0.4096496460639871,0.3299089960903645,0.7692485625485896,0.446828989589954,0.5012911327147576,0.5012911327147578,B6,84
0.506024096385542,0.8509772877139006,0.5314001295621829,0.5338370681635372,0.4812627460616632,0.37749960339459343,0.7969352257687139,0.49842460800269106,0.4984246080026913,B6,83
0.5100401606425702,0.511188148932503,0.6414541683154429,0.41719309489366774,0.6759904426847538,0.4866340936562852,0.6532415683232728,0.49414496499513794,0.49414496499513816,B6,82
0.5140562248995983,0.5469348326416716,0.38714133434475784,0.7107971283663521,0.38957268741256357,0.2341093848441118,0.5300957420388919,0.4828948683211747,0.4828948683211749,B6,81
0.5180722891566264,0.4827733935146803,0.523573773526925,0.39782109483080985,0.5055394389389618,0.30368639176386436,0.577665879777316,0.48330930865001687,0.4833093086500171,B6,80
0.5220883534136546,0.4912657572116661,0.6388521563541971,0.7669422111726867,0.30550120851895457,0.4539397731531276,0.6571394211899166,0.4762687177007272,0.47626871770072743,B6,79
0.5261044176706826,0.6091211977391295,0.6204385153201475,0.5714402880204505,0.3578241750184916,0.5200289838269176,0.743569242422629,0.4752272035831602,0.4752272035831604,B6,78
0.5301204819277108,0.4668906545521223,0.5916882201503935,0.7830895175065238,0.4150791353126402,0.5284350361203145,0.8689762741296501,0.47099590390298696,0.4709959039029872,B6,77
0.5341365461847388,0.5449951435775431,0.39788029236823697,0.40260821564842475,0.3661526667913968,0.637113293546089,0.45839616828044827,0.4724553047328903,0.47245530473289055,B6,76
0.538152610441767,0.6723214240193718,0.8747898253200912,0.17284435946107113,0.40371698947220347,0.44774317424953747,0.5111154045597628,0.460873732147824,0.46087373214782423,B6,75
0.542168674698795,0.4408690766766161,0.3903437167259547,0.4230605931168041,0.6069009913481835,0.27040026100339176,0.8266284918694895,0.46242936225705344,0.46242936225705367,B6,74
0.5461847389558232,0.5878056051611475,0.24579520271052147,0.6979629598289954,0.41842886151234326,0.38876354390999546,0.2959415441357196,0.4599347172219681,0.4599347172219683,B6,73
0.5502008032128513,0.46966231211250076,0.4143525719157122,0.4703356978588582,0.46325463405452005,0.6549158812743112,0.4079540032293649,0.455052488087039,0.45505248808703924,B6,72
0.5542168674698794,0.6142616919268375,0.7026646143888584,0.5394159264077425,0.3838844562109429,0.5119552388623423,0.34174845715334135,0.4445259630829199,0.44452596308292014,B6,71
0.5582329317269076,0.48290750015111117,0.4817600642026232,0.4723634511617605,0.6340049415572717,0.4966053513324018,0.5733901761924507,0.43593039231677677,0.435930392316777,B6,70
0.5622489959839356,0.49360783968269684,0.5533575507629003,0.4689511534626756,0.5083173441984026,0.9355425118170348,0.7236199213715797,0.4412706249373619,0.4412706249373619,B6,69
0.5662650602409638,0.793672846185983,0.6253916375661355,0.5375957466952435,0.3565803334935769,0.4237959399622433,0.220769582832558,0.4363334543813817,0.43633345438138194,B6,68
0.5702811244979918,0.3121070411703739,0.7253789386648908,0.4881266195087606,0.47741488394370935,0.6508383667241717,0.5320920643435785,0.4282970617203501,0.4282970617203503,B6,67
0.57429718875502,0.6103040182092672,0.6866168112308078,0.7563885285230474,0.31178411001426554,0.6857195252076824,0.636845499090942,0.4240504869771071,0.42405048697710734,B6,66
0.5783132530120481,0.43394133860350337,0.5616801468639849,0.5212357271653301,0.7094817529361146,0.649111615319196,0.5602533430884424,0.4207538785167826,0.42075387851678303,B6,65
0.5823293172690762,0.49777842926108495,0.4893029491002032,0.7694836496332038,0.47332961514584104,0.46623751792291523,0.6871551671740055,0.4197178616667756,0.4197178616667756,B6,64
0.5863453815261043,0.6900876184933593,0.2548537712447363,0.6612464439624159,0.31048963012628317,0.5935828779863406,0.4454951066367667,0.40470545594313756,0.40470545594313756,B6,63
0.5903614457831324,0.3671644527627138,0.6588671234290135,0.5311416214332465,0.5269689301434517,0.5275165764537768,0.3804447571004781,0.4135420429866594,0.41354204298665964,B6,62
0.5943775100401605,0.5726811623770947,0.565956513023032,0.5677547549930839,0.507683253957639,0.5286793094081144,0.49824381229106285,0.40697060145039976,0.4069706014504002,B6,61
0.5983935742971886,0.5180250089737459,0.8213339178271202,0.518354061851519,0.3321845938583121,0.3043439131301666,0.4641864278101613,0.4038518244649132,0.40385182446491363,B6,60
0.6024096385542168,0.13192173680253383,0.4810466586983182,0.36330094998661444,0.4372255689559883,0.3974774093524338,0.5779551443881532,0.40017141784786747,0.4001714178478677,B6,59
0.6064257028112449,0.46117649035854913,0.6031415647331304,0.7038358187288067,0.46407427349663655,0.5726562496921999,0.5035447180549864,0.39997839144440017,0.39997839144440017,B6,58
0.610441767068273,0.5188484771247459,0.41058352062298376,0.6027217339805206,0.5089381464102023,0.520581794891765,0.4389110173641413,0.3838569762230578,0.3838569762230579,B6,57
0.6144578313253011,0.4507881438547765,0.4234941400734833,0.30808671712911595,0.3107531038376541,0.49983818518098966,0.8465908794255075,0.3814032697735813,0.3814032697735812,B6,56
0.6184738955823292,0.48001150718497354,0.39998624837296326,0.5719400598251023,0.6318757370864323,0.31707226293598434,0.392987391167694,0.3859793060358173,0.38597930603581754,B6,55
0.6224899598393573,0.2909934188435406,0.37572685199100064,0.5083725467665965,0.5409249836094872,0.7322034249573655,0.7542869526967193,0.3737389253578912,0.3737389253578912,B6,54
0.6265060240963854,0.5426501555188288,0.6843408122065995,0.3537899376241018,0.36260874236370766,0.7692847254339448,0.614284003711389,0.37252060852521107,0.3725206085252113,B6,53
0.6305220883534135,0.344363474233053,0.5118517720067324,0.6927147218574738,0.5779832737518111,0.4759942176770102,0.5012130531913113,0.36679958639599275,0.3667995863959931,B6,52
0.6345381526104417,0.5936290146604217,0.5168236074931283,0.4915197660738926,0.40984400851276437,0.6915853226116266,0.5927824816039684,0.36238240608019223,0.36238240608019234,B6,51
0.6385542168674698,0.5275824453958418,0.6789617860405066,0.6086806919826033,0.3562843348229343,0.5959452998024579,0.759880314530645,0.35458155867265784,0.35458155867265784,B6,50
0.6425702811244979,0.6274899726214958,0.5174557790090226,0.6140780229621465,0.40968583369106115,0.653710045826897,0.5503581361853209,0.360908347319309,0.3609083473193091,B6,49
0.646586345381526,0.5387234317758907,0.7163390413188644,0.5773068197546944,0.49691654844905564,0.7164468394372734,0.4000316660615737,0.3518242880149508,0.3518242880149509,B6,48
0.6506024096385541,0.5839271693804253,0.5029059206549142,0.6692291779586186,0.5838653185096057,0.6112504320509444,0.2536725594354303,0.350693368423846,0.35069336842384613,B6,47
0.6546184738955823,0.7969096385915901,0.4388597224785009,0.6342711945663697,0.4017953484582688,0.6085294637482481,0.46122152273834427,0.3452575038636392,0.3452575038636393,B6,46
0.6586345381526103,0.660914224031619,0.5123726210674686,0.6505965978694843,0.10767611966144264,0.3102960172175364,0.6404306446406576,0.3366240023634107,0.33662400236341083,B6,45
0.6626506024096385,0.6087818390851618,0.7082140005135429,0.92193025627979,0.36968825559805074,0.5707252417065389,0.650745541173777,0.3396760174769773,0.3396760174769774,B6,44
0.6666666666666665,0.621382161713455,0.34787982205195256,0.7044666923319833,0.5975983189755611,0.6370727339054991,0.5466546475662484,0.34247895391498295,0.34247895391498306,B6,43
0.6706827309236947,0.49800129692353345,0.24649446053487623,0.5160417023586024,0.17283543205442564,0.502802964231795,0.6512024219899915,0.3247181535636806,0.3247181535636807,B6,42
0.6746987951807227,0.6059341918089467,0.6213600801453314,0.3960729781318708,0.36919607474732885,0.5969429799724413,0.6884904152992131,0.33009317046131803,0.33009317046131814,B6,41
0.6787148594377509,0.5262256322534644,0.7181214208199087,0.7329796749238424,0.42478994008206206,0.5935320076739199,0.4910259861681996,0.31805202270371946,0.3180520227037197,B6,40
0.6827309236947791,0.26097399499499785,0.6090312567109866,0.4288819650711111,0.4820613705458805,0.5479652232400036,0.4225072671459795,0.31653212673008113,0.31653212673008135,B6,39
0.6867469879518071,0.5072829204059732,0.26136913262832984,0.5621525944265051,0.4280075343070191,0.4278721678432764,0.5703029164292981,0.3142695225510842,0.3142695225510843,B6,38
0.6907630522088353,0.5827003856209343,0.43636961932461027,0.6164369794616378,0.31133509063019815,0.38214500871897616,0.5402778453559858,0.3089071499593503,0.30890714995935054,B6,37
0.6947791164658633,0.47286455238500213,0.4387672455007099,0.6674465473214797,0.479941469529352,0.5341505464404992,0.3823419815736129,0.3042479389841326,0.3042479389841327,B6,36
0.6987951807228915,0.5022145605102748,0.4372589570544818,0.5194275044463694,0.45516744496765105,0.7797637525263643,0.6960275461515568,0.3043738889073532,0.3043738889073533,B6,35
0.7028112449799195,0.15863701468336155,0.570712245539827,0.6855993625306613,0.42219466858629895,0.7468210884061803,0.5475156568823518,0.2946496280184402,0.2946496280184403,B6,34
0.7068273092369477,0.6894855925922831,0.5057983252542204,0.41291235220812617,0.44237333311145255,0.31887918398804627,0.39729009352699896,0.2923663715572109,0.292366371557211,B6,33
0.7108433734939757,0.5215857111574205,0.6052353906409635,0.8838263690984101,0.5456409751403992,0.6868513437117829,0.3310516917413695,0.2858250852468709,0.285825085246871,B6,32
0.7148594377510039,0.7616280425700599,0.5958113946581705,0.6116610035650321,0.2126932920259712,0.6183918378010038,0.5398646800302793,0.2879859908364687,0.2879859908364688,B6,31
0.718875502008032,0.6997791037353576,0.5851508973883348,0.4160058739237509,0.34289850361711727,0.440527957440642,0.3925219221802858,0.2837344118582401,0.2837344118582402,B6,30
0.7228915662650601,0.5193166442994268,0.6977059792626186,0.7163944292334703,0.3136141694433454,0.2116572953450917,0.5535906487414199,0.2749242694608458,0.2749242694608459,B6,29
0.7269076305220883,0.5144231232121048,0.5066168112722735,0.6953363620988409,0.5680580302502287,0.5305903111414652,0.6658739692966424,0.27713803669698656,0.27713803669698656,B6,28
0.7309236947791163,0.7151601194412143,0.5996848806622292,0.9716044441880807,0.5624581585394126,0.43155127781085767,0.8469810410112122,0.26850532858658827,0.2685053285865884,B6,27
0.7349397590361445,0.6990466740094106,0.3323544905605349,0.5186414218972493,0.3432614995322698,0.34725656209554456,0.4254942505451744,0.2643649474228378,0.2643649474228379,B6,26
0.7389558232931726,0.4017820053466039,0.6759459826886207,0.4104480298426618,0.4182430852119867,0.44974084225509325,0.41591246626976996,0.2619506326443244,0.2619506326443245,B6,25
0.7429718875502007,0.5610675166200811,0.723082333999848,0.6767495926727367,0.35924399865791257,0.7392395882674254,0.3021968033485196,0.25250048981069284,0.25250048981069273,B6,24
0.7469879518072288,0.7173459024421507,0.4102815528933821,0.681415951719416,0.5608492702714516,0.69630187274793,0.13648267993314178,0.25146762683325863,0.25146762683325874,B6,23
0.7510040160642569,0.5611407800780182,0.2951839826747289,0.6090625009064845,0.3807049573231511,0.46167395849189297,0.4498181299948527,0.2495900670744713,0.2495900670744714,B6,22
0.755020080321285,0.6366516378048452,0.5250537036363738,0.4280732725669365,0.4589704561986703,0.7632761871439251,0.7309181567681748,0.24486520101102405,0.24486520101102383,B6,21
0.7590361445783131,0.5534888756686447,0.28625736460337414,0.5982832952926618,0.44594388238511273,0.2963319705749048,0.5687516051663462,0.23877124942623307,0.23877124942623307,B6,20
0.7630522088353412,0.4252427966309935,0.4646415544385931,0.667315055059102,0.1677228394493806,0.4320931107815482,0.6032676310060681,0.23768655845056297,0.23768655845056308,B6,19
0.7670682730923694,0.6260894543227968,0.5103993785363059,0.43103786509379427,0.5366167287771546,0.7204835461380417,0.3425296523979533,0.22560013174406746,0.22560013174406757,B6,18
0.7710843373493975,0.4631273438720922,0.5021301511014418,0.7521235828765049,0.30608461420961186,0.5946658587404652,0.4255829156173476,0.22949077984229127,0.22949077984229138,B6,17
0.7751004016064256,0.5258907695912884,0.5708538404560599,0.4573596344067501,0.7402760698450148,0.4826945975303911,0.5856512842925343,0.2221505853923349,0.222150585392335,B6,16
0.7791164658634537,0.5001862957939092,0.5987642073754706,0.6109284259169008,0.605614560583041,0.5737352608110156,0.5069007877406926,0.2222758857799445,0.22227588577994462,B6,15
0.7831325301204818,0.6399930385275852,0.6483405596282186,0.5272403631521807,0.20698864764424396,0.3358257601225636,0.4144318504032998,0.22114264814486628,0.22114264814486628,B6,14
0.78714859437751,0.6695630649686177,0.2900648788653548,0.5757158535368845,0.5412994075002189,0.35807450276384123,0.6000278166128941,0.21277644138638185,0.21277644138638185,B6,13
0.791164658634538,0.5639749298808225,0.16623790808909433,0.2668413994107124,0.2045677411527902,0.33366233965187786,0.7440098461344364,0.20804599298666737,0.20804599298666737,B6,12
0.7951807228915662,0.6782489748328029,0.23267268972152877,0.5164160792100434,0.5437496789265039,0.4529612504788463,0.5323989328891687,0.20329257949415802,0.20329257949415813,B6,11
0.7991967871485942,0.6458236718487176,0.4547458806120144,0.5238271039077,0.33892454223699264,0.5373052397705329,0.5801600157694833,0.19376065157648847,0.19376065157648847,B6,10
0.8032128514056224,0.8180887524827591,0.5843768344584035,0.41622458797093076,0.4647202318136969,0.7061734263852357,0.433164937406461,0.20013945964245106,0.20013945964245117,B6,9
0.8072289156626504,0.45786742228375044,0.4760585834481059,0.4623086499519058,0.6140458293455655,0.8301571526182516,0.48359074007257563,0.19094277492441247,0.19094277492441247,B6,8
0.8112449799196786,0.6527090964841322,0.6227538007987388,0.44030665749847975,0.13030502937053434,0.5417029728492033,0.39266205670182686,0.1973165748950414,0.1973165748950414,B6,7
0.8152610441767068,0.39953815905725776,0.2522384844352459,0.5582938825524817,0.47197422157744784,0.7818650497723021,0.7769126699086328,0.19091748185119717,0.19091748185119728,B6,6
0.8192771084337348,0.526423870927601,0.4226978346561481,0.44319163654871474,0.14481211199011934,0.5170201318662868,0.6965635364192551,0.17598681482309597,0.17598681482309597,B6,5
0.823293172690763,0.8653146460999097,0.4033161038531752,0.5920566926034065,0.4092786999306921,0.5462873634148879,0.8417264491002356,0.17396449243354561,0.17396449243354561,B6,4
0.827309236947791,0.5247084032253375,0.40878058293751174,0.5269555392340077,0.3285164441767181,0.5293000918891209,0.7529478246518195,0.16935987884758197,0.16935987884758197,B6,3
0.8313253012048192,0.6400483623761297,0.7503051649308805,0.6052004724957127,0.5313627692946556,0.7179982414781398,0.6984808713266037,0.1670258624013875,0.16702586240138773,B6,2
0.8353413654618472,0.4005942192303493,0.5305673288570993,0.0,0.3452971546625756,0.3002773082426864,0.6001764916833929,0.16507981321504606,0.16507981321504595,B6,1
0.8393574297188754,0.7282350471147025,0.6899466356031851,0.8653456972517826,0.2328563095507752,0.6280507744840007,0.18574703496606748,0.1538747171810354,0.15387471718103563,B6,0
0.0,0.4361850907509188,0.5522394422940238,0.6357664318283671,0.5744174933378554,0.5264122439781966,0.4335554777484609,0.9977581192597744,0.9977581192597751,B7,249
0.004016064257028112,0.3648999488257161,0.36203858962953817,0.26778870160155854,0.5644340165879567,0.3878881425045122,0.45944385096475404,0.9959977739780104,0.9959977739780108,B7,248
0.008032128514056224,0.41985813338081557,0.5548406086066073,0.8154979886551255,0.4296156684196628,0.15822572625542786,0.589377428692266,0.9909372456919832,0.9909372456919838,B7,247
0.012048192771084336,0.46524280187099887,0.4962373835069105,0.6775858574202793,0.5905115988653207,0.5945662294826253,0.7623004216230824,0.9884095793864929,0.9884095793864935,B7,246
0.01606425702811245,0.7705676503453036,0.6215434689497492,0.4201582138768547,0.1884438353540916,0.7293660943086708,0.46139819590357956,0.98802868981631,0.9880286898163111,B7,245
0.020080321285140562,0.6636690041063518,0.7370460308050788,0.42636115991360457,0.5635367630246404,0.738243723497217,0.6287014509006323,0.9814825041421018,0.9814825041421023,B7,244
0.02409638554216867,0.5156793613622563,0.5346038018911035,0.46823952040577543,0.2256544774103202,0.2876069389625757,0.6898655016101505,0.9796667404660586,0.9796667404660591,B7,243
0.028112449799196783,0.5190716582297314,0.6498687933571201,0.5684127393563103,0.42154335572742463,0.5625968768049276,0.7819420183914572,0.9690262510432501,0.9690262510432504,B7,242
0.0321285140562249,0.6152801513645281,0.3062792288742955,0.6049900781467734,0.18096662796153185,0.7900227714153178,0.5083515611723142,0.9761896936474364,0.976189693647437,B7,241
0.03614457831325301,0.5376129798120639,0.7205466629510475,0.2553157486570621,0.6893051932341914,0.5100660305957854,0.4272601632761268,0.96323295340521,0.9632329534052106,B7,240
0.04016064257028112,0.5991839210458558,0.4992901613949048,0.6560297712361152,0.32035505156793853,0.4639534833821739,0.6496426599592766,0.9614920178488628,0.9614920178488635,B7,239
0.04417670682730923,0.468441458467731,0.48187342599316096,0.7224223161611785,0.4495795080844225,0.5938554317052149,0.44567940362178016,0.9623767099133724,0.9623767099133731,B7,238
0.048192771084337345,0.582538098657764,0.6649863031534302,0.5032029027743223,0.35818008905787213,0.36569270817083677,0.6186938348831217,0.9573387630835888,0.9573387630835897,B7,237
0.05220883534136545,0.5432089025834201,0.4116969146177176,0.5677521516432527,0.4656156584827249,0.21954317616487828,0.5623548623250292,0.9506550087887171,0.9506550087887176,B7,236
0.056224899598393566,0.6187360553569803,0.39065740215069944,0.6114021409177095,0.8746533963570493,0.3939551617513386,0.305111664942753,0.9547777967985736,0.954777796798574,B7,235
0.06024096385542168,0.7221138957183331,0.5734324465229861,0.8433137077083246,0.3460210074767418,0.28285706628814267,0.4073234680154201,0.9344094614239584,0.9344094614239593,B7,234
0.0642570281124498,0.3035184465985634,0.5196809361789629,0.4008880977766953,0.20605902049332903,0.4174656285877312,0.518684477197739,0.9358096586779945,0.9358096586779954,B7,233
0.06827309236947791,0.37901937152304743,0.3304124086361302,0.5034085212158455,0.6357275856754376,0.390271773851937,0.40197284808358136,0.9337565767028404,0.9337565767028406,B7,232
0.07228915662650602,0.3570578090829648,0.49699943005545677,0.4371274073716238,0.661469666481922,0.2677877252497154,0.6967417375240075,0.9267453064622357,0.9267453064622362,B7,231
0.07630522088353414,0.710103841699858,0.4754643010626225,0.44215315694859036,0.552872881651739,0.37688499881749027,0.38270271589509264,0.9251278681266937,0.9251278681266941,B7,230
0.08032128514056225,0.5314974470299831,0.580713340762987,0.728321235002936,0.5154104469503524,0.652987963758392,0.7179400239097391,0.9209420682779019,0.9209420682779026,B7,229
0.08433734939759036,0.5513190957953347,0.16212641832926522,0.5912612544160472,0.34247747660343464,0.444924330133432,0.4373433555015924,0.9178169699381267,0.9178169699381269,B7,228
0.08835341365461848,0.571694516328022,0.5605471731701837,0.4994156133880816,0.5028862210689762,0.39043704557748904,0.513860622819168,0.9077851173488352,0.9077851173488356,B7,227
0.09236947791164658,0.4195152821161332,0.5609250434052644,0.5956647749271458,0.46336634888659445,0.27148397723486184,0.60058185401728,0.9115216308959471,0.9115216308959473,B7,226
0.09638554216867469,0.5711709715405311,0.6581341739264577,0.4235124928727463,0.4133613013383597,0.7597919081018114,0.21918431563120544,0.9017223464751276,0.9017223464751283,B7,225
0.10040160642570281,0.5188004996798774,0.4790387477372491,0.3703036837109437,0.4879284293129236,0.7143999948217981,0.5660608380596024,0.9017681102332034,0.9017681102332034,B7,224
0.10441767068273092,0.4893141230040108,0.45321876110715387,0.5764290917414634,0.6822454374116274,0.5383975678147501,0.5644504499589522,0.8987952488399875,0.898795248839988,B7,223
0.10843373493975902,0.7823846513236967,0.6264596841032457,0.8200061616519698,0.6002629263039805,0.5466249489174184,0.6591545702457844,0.8865114460205721,0.8865114460205725,B7,222
0.11244979919678715,0.4279856568148108,0.5161710501305876,0.5461104406678081,0.5055880000683834,0.637860782112809,0.3327307843790259,0.8867958153042694,0.8867958153042701,B7,221
0.11646586345381525,0.6191454458088439,0.6787725374688272,0.3951870232253172,0.3824917545618738,0.4917210928325553,0.6620157076401374,0.8879346170950129,0.8879346170950133,B7,220
0.12048192771084337,0.6844956549375518,0.46908847844516544,0.688171571832803,0.4161524525825424,0.6114510675942115,0.43444285123369264,0.8861779516891959,0.8861779516891963,B7,219
0.12449799196787148,0.4763303871211446,0.48976939741471703,0.6753806286627393,0.4665586361413179,0.2840554551892638,0.7487924513717612,0.8782846898591703,0.8782846898591707,B7,218
0.1285140562248996,0.795902585391616,0.556511041312584,0.3793570291000683,0.41226358271111474,0.35970682641870244,0.978027061507464,0.8760114929422016,0.8760114929422023,B7,217
0.1325301204819277,0.595216703012821,0.5825184599178428,0.5166464202744674,0.5584022644371229,0.7756068264516256,0.6259364591628023,0.8662184216822308,0.8662184216822311,B7,216
0.13654618473895583,0.6944477090058925,0.44499844426746726,0.3496694421719031,0.5365280341855327,0.8588020385023478,0.5536575700626027,0.8628724042335407,0.862872404233541,B7,215
0.14056224899598393,0.7209542194705616,0.7419442180602864,0.7772957302844041,0.5675342352809793,0.4718015089606733,0.5015584982886847,0.8602909986581311,0.8602909986581317,B7,214
0.14457831325301204,0.25317313257487317,0.5996679952515258,0.26643999779121286,0.5252225215368607,0.21951065803755188,1.0,0.8632556777836784,0.8632556777836788,B7,213
0.14859437751004015,0.38231368134000365,0.3754697335087034,0.4737256154713445,0.4260792678657621,0.4904436225369777,0.26570596157077153,0.8576394727837595,0.8576394727837602,B7,212
0.15261044176706826,0.45721460476142695,0.8041440971336957,0.5438242386505676,0.7029687514649297,0.4182765709492593,0.43135579206161134,0.8479569811587311,0.8479569811587313,B7,211
0.1566265060240964,0.5831499854164313,0.3461728485551081,0.7794500384166656,0.4455060873530301,0.8932501069784182,0.5709818515361045,0.844649020013708,0.8446490200137085,B7,210
0.1606425702811245,0.5357967311145526,0.4039371496700852,0.7523241104165788,0.49312731281919,0.5455036125525079,0.4347235891675485,0.8409316107841895,0.8409316107841902,B7,209
0.1646586345381526,0.4213414814990599,0.42504449972263814,0.5830841424209989,0.46098897545032846,0.6031216933280794,0.6194071129924028,0.8358534738433874,0.835853473843388,B7,208
0.1686746987951807,0.6017243865702493,0.5763682434051365,0.3091917966710125,0.2186472461775435,0.6824412645405769,0.32952177481452516,0.8318025448995905,0.8318025448995909,B7,207
0.17269076305220882,0.31756741610826666,0.516924691978117,0.5447545513143566,0.3281328193435593,0.4703057405794391,0.5318765140064201,0.8223278384124935,0.8223278384124939,B7,206
0.17670682730923692,0.47374150980826,0.5575540420480678,0.5275171298211196,0.5310734502693997,0.692672685934347,0.5879616278045101,0.8155063381095393,0.8155063381095398,B7,205
0.18072289156626506,0.5904119568455091,0.3736947204040231,0.5200341547713982,0.4091293789299315,0.6082830930985477,0.575798131579643,0.821779079837961,0.8217790798379614,B7,204
0.18473895582329317,0.4186095217166168,0.5754555031887332,0.5241990374252898,0.36043002143187985,0.7733459373688136,0.8617494420178629,0.822655751883915,0.8226557518839155,B7,203
0.18875502008032127,0.5855963379901656,0.34950995932272555,0.3139872318840018,0.2714905177201352,0.48884589709067794,0.404085922981531,0.8148587887504324,0.8148587887504328,B7,202
0.19277108433734938,0.8556182734168019,0.6785294432755684,0.7407451546360497,0.4439811265198057,0.6802506418778718,0.569269804192432,0.8099263380818722,0.8099263380818729,B7,201
0.1967871485943775,0.6336721094304802,0.41960312863124294,0.433204529888386,0.1982291220914174,0.13222020016032054,0.6620211268665401,0.7951208436992039,0.7951208436992043,B7,200
0.20080321285140562,0.5090647242274111,0.41746256634973555,0.6305590372250962,0.47695229096380176,0.6383013601229934,0.530526035873423,0.799436016408938,0.7994360164089385,B7,199
0.20481927710843373,0.46179029333099875,0.5534203621651006,0.29648056014615953,0.506890970807965,1.0,0.48676497098785054,0.7820416545473889,0.7820416545473896,B7,198
0.20883534136546184,0.3409922853874894,0.4465186952847304,0.9056329548324626,0.7619947453894111,0.5192999959123059,0.08207385558922331,0.7925520659872243,0.7925520659872247,B7,197
0.21285140562248994,0.586909720840934,0.4665035129458328,0.6260926351115801,0.5172107935116927,0.6703471775487511,0.7708545294234193,0.7864389924766535,0.7864389924766539,B7,196
0.21686746987951805,0.42788341154646026,0.6604814315181411,0.6087368406689175,0.6121541617121102,0.42104678927374994,0.8916785694692884,0.7824164284384627,0.7824164284384632,B7,195
0.22088353413654616,0.5143892775729946,0.47998012093307274,0.402109627787691,0.5139728741325453,0.4141083911751644,0.5753459712489795,0.7811371165491474,0.7811371165491481,B7,194
0.2248995983935743,0.5575768810159225,0.4670036780918121,0.4368429314068849,0.22055232927241875,0.620535329024249,0.4378814529893664,0.7761317721191161,0.7761317721191163,B7,193
0.2289156626506024,0.4378423408529353,0.4992349218697747,0.47641092662808626,0.3189257052149279,0.5338933167985747,0.41052307940767285,0.7734085002640514,0.7734085002640518,B7,192
0.2329317269076305,0.33785757151965523,0.42070803930316636,0.28852057173496926,0.4622535552304554,0.5766798411744849,0.6398284087278308,0.7615315011638613,0.7615315011638617,B7,191
0.2369477911646586,0.5501835407980034,0.4526774294803051,0.5417854311243251,0.5130311437034711,0.5247596675408,0.5824833289463518,0.7711764044270406,0.771176404427041,B7,190
0.24096385542168672,0.6711370513473267,0.7278926689646337,0.2967864447191282,0.2916156016299203,0.6356068226110037,0.457821003717541,0.7603073438489345,0.760307343848935,B7,189
0.24497991967871485,0.3752007717133139,0.5334548522012916,0.7823063503899608,0.5058418172309742,0.3817816552479536,0.5751938879025853,0.7498318933134469,0.7498318933134474,B7,188
0.24899598393574296,0.7334581177502257,0.6766996371639316,0.6063536139738335,0.382201176252142,0.45004318384825504,0.51404981790516,0.7475023178058846,0.7475023178058848,B7,187
0.25301204819277107,0.5393362656361285,0.616748100160688,0.6063215200107082,0.12548677975144518,0.3854762246945491,0.2347023832982913,0.7476054481600627,0.7476054481600629,B7,186
0.2570281124497992,0.6279712723904467,0.1619044500888105,0.8931937001564787,0.3641054099699743,0.6845784071223528,0.17662113043212946,0.7440459085840905,0.7440459085840909,B7,185
0.2610441767068273,0.6933752751181292,0.4940363976905058,0.3002722341806354,0.4362569815467623,0.6773691099625818,0.7448741613772829,0.73935464188511,0.7393546418851105,B7,184
0.2650602409638554,0.6495395658470386,0.6371593902042108,0.536975415664223,0.34085088713537237,0.6378942541399526,0.26831647494997757,0.7377715389861492,0.7377715389861497,B7,183
0.2690763052208835,0.604742574724239,0.6983690566235428,0.4379368393879566,0.20616247293056178,0.33813313152575497,0.6617197942507418,0.7275179828974718,0.7275179828974725,B7,182
0.2730923694779116,0.5482421089043732,0.5650940344836535,0.5938188507832249,0.5120249711370612,0.30451709636226876,0.3636856272869804,0.7282006188185277,0.7282006188185279,B7,181
0.27710843373493976,0.5525476640531346,0.6847917749550874,0.3326303210776307,0.4121620610730017,0.5930602031826082,0.58943743189471,0.7157567151398891,0.7157567151398896,B7,180
0.28112449799196787,0.5263547476970463,0.6691373330658816,0.34373926233735386,0.39581131615230936,0.3634213943428841,0.6556906066931067,0.7178002582262502,0.7178002582262506,B7,179
0.285140562248996,0.5431882511979804,0.5254188743408932,0.5863260268170434,0.1464274236599894,0.7527345124392384,0.5158279316887597,0.7109467108391831,0.7109467108391836,B7,178
0.2891566265060241,0.5724030904985382,0.6659023089650873,0.7208749763604616,0.2069145598031783,0.626037439152263,0.4486931522673472,0.7076050768639666,0.707605076863967,B7,177
0.2931726907630522,0.7013847054858284,0.56268172147381,0.4185096282896543,0.5803929637531104,0.5612774983325539,0.5107490485730444,0.7126347524138277,0.7126347524138281,B7,176
0.2971887550200803,0.4377790149486127,0.536271252441928,0.43224838037060653,0.48822417072942725,0.4553931946193335,0.4601206886967648,0.7075121232214225,0.707512123221423,B7,175
0.3012048192771084,0.49832944045332694,0.7000577377488195,0.6470517128721509,0.44788875763151603,0.5053870821183091,0.4083808305097558,0.7067623325582075,0.7067623325582078,B7,174
0.3052208835341365,0.5858786091155026,0.44685869638074394,0.7017519357067412,0.36291365427398414,0.43318261599304364,0.842933920141558,0.692105805436406,0.6921058054364064,B7,173
0.3092369477911646,0.5438145418082594,0.09434267696010501,0.39570834376739406,0.39767928587431856,0.4739219373587551,0.5387496220685519,0.686683181074319,0.6866831810743192,B7,172
0.3132530120481927,0.4476911124612615,0.6285268690241725,0.8189433417897938,0.37380995912778037,0.513036869525691,0.7555650628665682,0.6844859384090252,0.6844859384090256,B7,171
0.3172690763052209,0.614808747981636,0.6927618601747056,0.5897295929091286,0.3326281994237137,0.54856723989678,0.5322528368628698,0.6848924455079606,0.6848924455079608,B7,170
0.321285140562249,0.4778237678858035,0.5862958944544623,0.7106571685845151,0.34682033009075486,0.4212401259497567,0.5563815345529339,0.6789038399078349,0.6789038399078353,B7,169
0.3253012048192771,0.60188763061708,0.3953061701556848,0.2947445945141176,0.5979081116142817,0.9533429725083482,0.7907727649145015,0.6803955414343457,0.6803955414343459,B7,168
0.3293172690763052,0.506554698594307,0.4255879196538519,0.44837543383459,0.4838606155640739,0.5309427769330746,0.64623212079464,0.6760874737190588,0.676087473719059,B7,167
0.3333333333333333,0.2787286076513087,0.603370131141844,0.6764102448160174,0.49210163037022525,0.7920934422143766,0.602930557228309,0.6675108527862363,0.6675108527862368,B7,166
0.3373493975903614,0.3847898219520862,0.5936341806953838,0.4424301048929853,0.632928287057442,0.7234626739988386,0.7067712266678297,0.6596725370146814,0.6596725370146816,B7,165
0.34136546184738953,0.5885474686372116,0.5077051712481548,0.6080784738479901,0.31022031498089264,0.9916010529143482,0.7206083331708428,0.6589532453050149,0.6589532453050153,B7,164
0.34538152610441764,0.7443320782381058,0.4518332053254017,0.48257973391283215,0.2165241807221845,0.6593007643603477,0.47844502075539896,0.6559074149429993,0.6559074149429995,B7,163
0.34939759036144574,0.7547936029805298,0.7841977250326071,0.5103733397682335,0.49968684062595115,0.6284572278641516,0.6030495578714583,0.6453854086187387,0.6453854086187392,B7,162
0.35341365461847385,0.6853605276681587,0.6661021970192156,0.6517969439923026,0.5136114638603764,0.48466855804216746,0.6290285248583016,0.6451978237171538,0.6451978237171541,B7,161
0.35742971887550196,0.4186274967672019,0.4959272079970205,0.5677090019044666,0.26386082279293666,0.6565944964376151,0.608576829745795,0.6418605347614996,0.6418605347615001,B7,160
0.3614457831325301,0.5340543193059983,0.38232479585046697,0.5006234011331778,0.34959319726596094,0.2561458488209747,0.5416145962931385,0.6380885757497781,0.6380885757497783,B7,159
0.3654618473895582,0.5021440375930373,0.6147136868184617,0.6268681651707508,0.35499450879589034,0.6626004550123339,0.7565488075921749,0.6362935575096365,0.6362935575096369,B7,158
0.36947791164658633,0.6377128279747954,0.5332117129649117,0.4304676595648207,0.5143128320733226,0.39147126029757273,0.549824126379217,0.6251624763781967,0.6251624763781971,B7,157
0.37349397590361444,0.7216861620246573,0.8766369451498317,0.4946982400048534,0.3797288835785326,0.4952015938483221,0.49177374049476485,0.6321659321378716,0.6321659321378721,B7,156
0.37751004016064255,0.3423614514629967,0.38877724191772955,0.4867010617642755,0.31897888586450884,0.3759753787902167,0.6843600666978915,0.6296274694034969,0.6296274694034971,B7,155
0.38152610441767065,0.42066278225057485,0.6620076864988178,0.7769555548095779,0.38760029483065717,0.5625338845363472,0.6346913038788502,0.6234646503861121,0.6234646503861123,B7,154
0.38554216867469876,1.0,0.418633344777696,0.8142888059725508,0.36289395558064363,0.2757437602864492,0.27316535636034667,0.614034990300194,0.6140349903001943,B7,153
0.38955823293172687,0.2948988476846517,0.3680798759078101,0.45376189000718137,0.6643934250562245,0.782164661784214,0.4773287670927635,0.6131454958265867,0.6131454958265872,B7,152
0.393574297188755,0.4996657485978364,0.5887952972839798,0.7048344342369575,0.6441908784813704,0.3411767631692948,0.4914864269953414,0.6107572837376019,0.6107572837376021,B7,151
0.3975903614457831,0.33089136174976597,0.6793301980147888,0.5489612743351193,0.4764348034418986,0.4663511279766277,0.4942637534625649,0.6058932743295256,0.6058932743295258,B7,150
0.4016064257028112,0.3787958906861535,0.2858489536242459,0.36799802294982475,0.33870618821902854,0.6958933487316248,0.579444123593075,0.6030427057710357,0.6030427057710361,B7,149
0.40562248995983935,0.42929436760761885,0.658290304872736,0.8270017366113667,0.24477381952083332,0.671953194645271,0.604078369346019,0.6036768724918355,0.6036768724918358,B7,148
0.40963855421686746,0.5933387952515201,0.4902934219260544,0.4311318405558917,0.32369613071518044,0.3948996443333448,0.8416433933420469,0.594373709368375,0.5943737093683754,B7,147
0.41365461847389556,0.7456778465416698,0.6549384430954266,0.44364878925032736,0.45154404642602985,0.552623797050771,0.19081125533488663,0.5907723298288148,0.590772329828815,B7,146
0.41767068273092367,0.506434536761944,0.4391036493956051,0.9270076702935186,0.6715000708304553,0.49150560511521,0.6668762008879758,0.5822125919384951,0.5822125919384957,B7,145
0.4216867469879518,0.513795528835018,0.5063501873211269,0.2992037555198901,0.8014033294979557,0.41836275899917164,0.29309341812987544,0.5787040706934028,0.578704070693403,B7,144
0.4257028112449799,0.3176090507161462,0.7639146698748327,0.6861941586560212,0.4021725954470252,0.5430276126992188,0.42895204052808156,0.5713271499747876,0.5713271499747878,B7,143
0.429718875502008,0.5299402355596627,0.4834496384232452,0.7106859590487629,0.4202914250527323,0.577645813215798,0.2990836815905209,0.5687131655795412,0.5687131655795414,B7,142
0.4337349397590361,0.5146228816409435,0.7702390772484087,0.3726706925326,0.563218532914068,0.4490022180670723,0.5171901920063595,0.572660559052786,0.572660559052786,B7,141
0.4377510040160642,0.5765255710509505,0.5068537651206242,0.5257256161854515,0.2375598697033543,0.7379846364830085,0.2018851808844384,0.5668474872146707,0.5668474872146709,B7,140
0.4417670682730923,0.4231953175225731,0.35014953808524574,0.5084794201299472,0.5589152704920379,0.27492824461530163,0.6174789925640729,0.5632179996449949,0.5632179996449951,B7,139
0.4457831325301204,0.5662960958501857,0.8807617050323895,0.6979012783840481,0.3960920859165542,0.5522804700662658,0.6165405191719784,0.5500934449467492,0.5500934449467494,B7,138
0.4497991967871486,0.5086532491956348,0.6200881593319298,0.5645372894550196,0.42974493511492273,0.8159631429936227,0.6485214653184252,0.5573659441287271,0.5573659441287278,B7,137
0.4538152610441767,0.656223390885939,0.3826864266031418,0.5653378734820671,0.47088526319245627,0.5786751118263354,0.7333094234634543,0.5415745471703488,0.541574547170349,B7,136
0.4578313253012048,0.29303462440398276,0.7217699933328454,0.38933748859531736,0.26443680639115597,0.4411964060960376,0.33333307823154135,0.543923510952897,0.5439235109528973,B7,135
0.4618473895582329,0.5155041955848709,0.5546617497278348,0.2666532646940696,0.4279925803211069,0.5136244403966799,0.6206372551461912,0.5452593839476274,0.5452593839476279,B7,134
0.465863453815261,0.7775307486905185,0.32749067701132617,0.5625062442952089,0.7135257759393001,0.5281751148608957,0.6354602467171175,0.5325421052441921,0.5325421052441923,B7,133
0.4698795180722891,0.6931116354906606,0.6983077463738994,0.5172257222114691,0.41668096018037604,0.6605961768359871,0.7198023297636218,0.53061133303167,0.5306113330316702,B7,132
0.4738955823293172,0.6492235603469536,0.48384876185345504,0.47234990946887967,0.4405737097852418,0.45674695377587815,0.19202363497828223,0.5328204487990755,0.5328204487990758,B7,131
0.47791164658634533,0.39286838324371565,0.5152962048016114,0.6516908661232437,0.4153689886803318,0.4506233942788762,0.827776035883693,0.5233485893850265,0.5233485893850267,B7,130
0.48192771084337344,0.5543005200518261,0.5503593776649023,0.45126813775668717,0.5506619411728009,0.6779062466417303,0.24644034311132312,0.5211152876778973,0.5211152876778977,B7,129
0.48594377510040154,0.5069642483055576,0.30107978508936384,0.5098679863298616,0.4062497978344015,0.40045084691760624,0.7162567003477878,0.5120515366768041,0.5120515366768046,B7,128
0.4899598393574297,0.36476144220345996,0.46971327922591577,0.9050591991042944,0.2506490636842984,0.5590047341091329,0.7777909764815258,0.5086689248308476,0.508668924830848,B7,127
0.4939759036144578,0.5874975252866235,0.6369097626119693,0.4310498990551852,0.36156372068961673,0.3678369380466562,0.6116734248015026,0.511116464003502,0.5111164640035024,B7,126
0.49799196787148586,0.5778028239863726,0.37149705478024586,0.6633729178990446,0.4483386098051976,0.4617600249115099,0.5368550758540911,0.5059771814727148,0.5059771814727152,B7,125
0.502008032128514,0.4565676526836713,0.2426818910675781,0.5286095056009801,0.4760485674216275,0.36211476676995535,0.45700973966457337,0.49870477204695773,0.49870477204695796,B7,124
0.506024096385542,0.8315433912670525,0.5451806095447083,0.31516104424569624,0.4221335479802253,0.6971847413815926,0.49857085137183876,0.49130569794183754,0.491305697941838,B7,123
0.5100401606425702,0.41067553678043023,0.5775034073644179,0.5424305668474751,0.4023598036023084,0.6379070849954147,0.5604300307885657,0.48850658004040515,0.48850658004040537,B7,122
0.5140562248995983,0.3576103484413842,0.5986880557165684,0.31238054447216124,0.909389070428289,0.31008498596007716,0.8101917803413583,0.48055753162355797,0.4805575316235582,B7,121
0.5180722891566264,0.35690481335038293,0.5206405772269456,0.6780343474448278,0.44891304128962606,0.6677322004660406,0.5095190808310996,0.48590196744394065,0.48590196744394065,B7,120
0.5220883534136546,0.4046965600356165,0.4089923202163792,0.6221003838779011,0.4282394377301184,0.6906195531541353,0.25062113477202974,0.47182671869137693,0.47182671869137716,B7,119
0.5261044176706826,0.45362165807728294,0.5303315655850351,0.5199995008057408,0.555254867239455,0.47221269425226886,0.6673101667106236,0.47364863576496563,0.47364863576496585,B7,118
0.5301204819277108,0.4326508981672834,0.6328976585105455,0.5871351106450575,0.39520067038216755,0.5231006475117017,0.7712687177485358,0.4643278580097252,0.4643278580097254,B7,117
0.5341365461847388,0.6924636077791453,0.69930779473078,0.5144835836650636,0.50896799026415,0.5255698157124913,0.6826678268682964,0.4667555163863826,0.4667555163863828,B7,116
0.538152610441767,0.6468825849119675,0.41178852955387946,0.8439823884885413,0.23100837165348231,0.7358587110776931,0.4762887877633628,0.46331872319493295,0.46331872319493295,B7,115
0.542168674698795,0.4819060253045131,0.6221023833728552,0.4222039439377645,0.4506401020274482,0.2333624831813026,0.6601916900765756,0.46068873567190605,0.46068873567190627,B7,114
0.5461847389558232,0.6347447881755852,0.7394649717143551,0.7674896082404752,0.6458977276598716,0.12281518553936932,0.6822458736023713,0.4534071464850802,0.4534071464850804,B7,113
0.5502008032128513,0.2521522733357602,0.556481360004522,0.507692130714124,0.35085737684665164,0.32082232159363944,0.648530091978976,0.4576940213301557,0.45769402133015613,B7,112
0.5542168674698794,0.48832264226506705,0.5878206588197372,0.42888875344889277,0.36096837536141635,0.5382536875427706,0.5957467330182391,0.4428162399289628,0.44281623992896324,B7,111
0.5582329317269076,0.5460498333274344,0.2901970711235329,0.7980967109834722,0.19114080086098761,0.45361456908685294,0.4658276893909554,0.44338188931929645,0.4433818893192967,B7,110
0.5622489959839356,0.566847199838628,0.8077814801266943,0.4503915160847267,0.2649038092546965,0.9458438312290283,0.15604028674236003,0.44656971392388534,0.44656971392388556,B7,109
0.5662650602409638,0.5555848018727678,0.5462277840752705,0.7490427978687162,0.2951243661246954,0.6324184777439796,0.61137604196225,0.434519590785607,0.4345195907856072,B7,108
0.5702811244979918,0.4163704303349065,0.6500392619205275,0.47983233205410736,0.46812546852901793,0.2835222055472437,0.37769200188275853,0.43373444114865456,0.43373444114865456,B7,107
0.57429718875502,0.5481698694013011,0.3894517832278108,0.543947356400154,0.43807058690420675,0.3678584510081466,0.4354841332680328,0.42522376340496404,0.42522376340496426,B7,106
0.5783132530120481,0.21934535133655908,0.34145154443649517,0.3913993618922844,0.44446630568691914,0.492713251461931,0.6629354777107599,0.41892098808861467,0.41892098808861467,B7,105
0.5823293172690762,0.5489294026721998,0.36164221101206273,0.3742943412984032,0.6092931082631772,0.697814005355625,0.4793780662951965,0.4114093928337461,0.4114093928337461,B7,104
0.5863453815261043,0.5478686426655748,0.3055845013829206,0.38548678726545393,0.4275372695537403,0.3103827208109027,0.9116504918598745,0.4166989383721098,0.4166989383721098,B7,103
0.5903614457831324,0.3912180462711017,0.17956155603647872,0.4532514472818585,0.23370411536612679,0.5610551109594553,0.4045188869785066,0.41459149851435906,0.4145914985143593,B7,102
0.5943775100401605,0.4090241394894183,0.7699235347197604,0.8934776904559443,0.23745138194204518,0.7150203157479598,0.4511600336221968,0.40545785513945054,0.40545785513945054,B7,101
0.5983935742971886,0.4174784919140806,0.23423810909283738,0.6054537330877929,0.5181501755783255,0.7345201842582871,0.5832893926621372,0.40359215135204884,0.40359215135204907,B7,100
0.6024096385542168,0.4522668011596931,0.8032298131381523,0.40216301170660884,0.1148716523501605,0.8036243439500561,0.41771543346924833,0.39778480358830426,0.3977848035883045,B7,99
0.6064257028112449,0.5320722862666374,0.4200452800936585,0.4856272421318164,0.3071480222590717,0.6623468741172636,0.609468207443371,0.3962568536541049,0.3962568536541051,B7,98
0.610441767068273,0.6212678086727994,0.5654655729097708,0.5614539545889436,0.49006694475727697,0.666245717442931,0.6151695762126517,0.38735071748173633,0.38735071748173644,B7,97
0.6144578313253011,0.6239650453424956,0.47021366018887,0.45289151815805484,0.3674862591267192,0.3679590686966707,0.5042273973679197,0.38347943335966117,0.38347943335966117,B7,96
0.6184738955823292,0.606840148474129,0.5691366011499426,0.4235906965620684,0.7946040796938068,0.56099286079795,0.5124314683427271,0.3841679905037326,0.3841679905037326,B7,95
0.6224899598393573,0.6389843405441891,0.5085076848729457,0.7925744382753219,0.5771214600093666,0.32924137293947053,0.8194117743722331,0.3756189497425152,0.3756189497425153,B7,94
0.6265060240963854,0.49993692119259303,0.5252601177802916,0.5992366365609545,0.31741319475268837,0.7590798829981078,0.37281838384917343,0.37489802899448477,0.374898028994485,B7,93
0.6305220883534135,0.5480382034173386,0.5995642761835196,0.7870548515432811,0.6902069546476399,0.6392593876641715,0.4789727868166307,0.36396527628410724,0.36396527628410735,B7,92
0.6345381526104417,0.7519841112009629,0.8149149491864129,0.5458648410750042,0.4829504254723709,0.5363217532492157,0.6381906603484016,0.3664486911491228,0.36644869114912304,B7,91
0.6385542168674698,0.3387940527302544,0.29497749305403964,0.5739237147479797,0.20965260739453573,0.2651910255427057,0.5864965316894559,0.3553315707839677,0.35533157078396793,B7,90
0.6425702811244979,0.39917166581806507,0.3838261101306628,0.5744586794384317,0.39273153016517615,0.28238406550660233,0.5883033946493335,0.3538726640845594,0.35387266408455953,B7,89
0.646586345381526,0.594870638932204,0.5442351769763061,0.7514348247723115,0.43938886114286024,0.567258219233918,0.5000286548895088,0.3582536465952755,0.3582536465952756,B7,88
0.6506024096385541,0.6173857219296282,0.74893886386986,0.6146861889256292,0.4181365925254483,0.7233982635321405,0.5154986191296103,0.3483761613727926,0.3483761613727927,B7,87
0.6546184738955823,0.33191496596712033,0.7359091503936774,0.2646774965396501,0.22702608786649714,0.36894841522648547,0.4689608173968458,0.34201415642544364,0.34201415642544375,B7,86
0.6586345381526103,0.53268945403505,0.5310180200777186,0.7764758331100001,0.4830840879059357,0.34399199901760835,0.530301016915407,0.34370618648763407,0.3437061864876342,B7,85
0.6626506024096385,0.7286906643297146,0.5066402681771223,0.3332328471339867,0.41693145859377934,0.49897107849209665,0.6105693030139863,0.33326749551886836,0.3332674955188685,B7,84
0.6666666666666665,0.5657008844257432,0.4168413514448446,0.5857452249300477,0.17901323584858142,0.5641180477472736,0.4335203205311604,0.3329042947410855,0.3329042947410856,B7,83
0.6706827309236947,0.5701109490368543,0.5521916060987824,0.6039838734884833,0.40228524824862566,0.7061341531169574,0.41267188458958515,0.3298999503575032,0.3298999503575033,B7,82
0.6746987951807227,0.4862514365042665,0.5038485775183172,0.36094271400189504,0.31032301289247943,0.7552232841303517,0.45429969003587667,0.3205178773734252,0.3205178773734253,B7,81
0.6787148594377509,0.5685429742517762,0.6491536823041706,0.7513700999283728,0.6004084437131247,0.8919664024588276,0.3582938182998703,0.3181518345584461,0.3181518345584462,B7,80
0.6827309236947791,0.4743183436397853,0.6568373558466707,0.8024565643871626,0.3224483501247759,0.6337632999901013,0.6901920781499915,0.31920312614614865,0.31920312614614876,B7,79
0.6867469879518071,0.3692912691010981,0.48346671081368164,0.4047397971814246,0.29865615818044944,0.48279852314048166,0.5538879795243656,0.31666926888395996,0.3166692688839601,B7,78
0.6907630522088353,0.5587937655664537,0.3097779456488823,0.75126654533093,0.40522315683463095,0.7379786945616615,0.5789262514704436,0.3103956988066501,0.3103956988066504,B7,77
0.6947791164658633,0.4989303154384497,0.5082028845476394,0.320080925188738,0.4038970777558837,0.4365613468877445,0.47657207268143464,0.30493513666546523,0.3049351366654657,B7,76
0.6987951807228915,0.43061380162676954,0.5496536746336922,0.5791936822710584,0.488083365084937,0.5454124811300374,0.556742828593976,0.30027883907873054,0.30027883907873054,B7,75
0.7028112449799195,0.79013185187857,0.5510559732287561,0.48915787566884994,0.2629185958210942,0.4025811501452321,0.4657784013155033,0.2944362750314975,0.2944362750314975,B7,74
0.7068273092369477,0.6562673492623876,0.4573621544847075,0.4578111439331334,0.4015939742976893,0.6377604960153738,0.17345032462898446,0.2917842413725904,0.2917842413725906,B7,73
0.7108433734939757,0.8404093025588426,0.40031949567695513,0.7409007382683712,0.2876817545098014,0.8804198732350765,0.44058445245550226,0.2910301199443206,0.2910301199443207,B7,72
0.7148594377510039,0.6766122385322455,0.254500890445172,0.4568560819615408,0.7074599955479819,0.4945700052623767,0.6025843932781956,0.2830040552313112,0.28300405523131156,B7,71
0.718875502008032,0.5679907069075503,0.48531824882998365,0.35119733690054566,0.4841289570092351,0.5194953941770895,0.5670462878717708,0.2861855827937343,0.2861855827937344,B7,70
0.7228915662650601,0.4611663827932131,0.3469937078733967,0.2668929032190057,0.2944263149745874,0.5426231108289077,0.8020046200174127,0.2773355233519669,0.2773355233519671,B7,69
0.7269076305220883,0.5103349450048071,0.4112812286616059,0.48782033979741524,0.3331096099208182,0.5083651725184832,0.5648336669615195,0.2660688123707724,0.2660688123707726,B7,68
0.7309236947791163,0.473931180361296,0.7081913435464529,0.6253182749103909,0.43049849273586016,0.6226163619025946,0.6018775447192191,0.2702992565646237,0.27029925656462406,B7,67
0.7349397590361445,0.588139508737757,0.3874556240643656,0.6478751654245722,0.5818328282514567,0.4763376460342412,0.6894302743009599,0.2646365724489542,0.26463657244895433,B7,66
0.7389558232931726,0.48517226563271953,0.5830865950401609,0.4282518744863224,0.27351985340798857,0.747059213970724,0.40063144268444795,0.2644740420461388,0.2644740420461389,B7,65
0.7429718875502007,0.33362232276453874,0.7141148408573077,0.5797056166549766,0.3079447855557964,0.5077228949858397,0.5562330246243787,0.2560190830900919,0.25601908309009214,B7,64
0.7469879518072288,0.19876777051182382,0.47060920892347013,0.6378486939893317,0.5765845723202578,0.38036401908473705,0.3610201857890556,0.25424529928850836,0.2542452992885086,B7,63
0.7510040160642569,0.35241966479069764,0.40536598554992764,0.6146848708713608,0.5556460625711943,0.5989978080982685,0.45455813024909597,0.25116056394523467,0.2511605639452348,B7,62
0.755020080321285,0.4135530267510388,0.4780229105850058,0.609416310890857,0.43445546831305304,0.44113509149063423,0.5743683748918058,0.24667477170187146,0.24667477170187158,B7,61
0.7590361445783131,0.5336638099371587,0.2949155931795282,0.554459441495974,0.40402120157100985,0.48789553496143134,0.764142850420297,0.2324258175652223,0.23242581756522251,B7,60
0.7630522088353412,0.49999822691676177,0.3566922790152134,0.8387932641595635,0.3771423409012624,0.4220207476794562,0.6480244723006994,0.2354303191223599,0.23543031912236,B7,59
0.7670682730923694,0.5642911914612836,0.5899112157125064,0.8680104415227277,0.37435686303774096,0.7360794831550574,0.4647933359905232,0.23008635141010725,0.23008635141010725,B7,58
0.7710843373493975,0.35859546989554847,0.5706961147132397,0.6213095856223054,0.511823498727825,0.7419438722702916,0.5869644785519363,0.2261372185484768,0.2261372185484768,B7,57
0.7751004016064256,0.7406187333551553,0.32028554995546976,0.6423531552601847,0.5150816482264577,0.6837404552125688,0.7066532779878236,0.22650017554178503,0.22650017554178514,B7,56
0.7791164658634537,0.4822704046784603,0.46124539926982777,0.4685024376168312,0.4142798563139909,0.6097766246072274,0.33103012446695557,0.22232156921174306,0.22232156921174306,B7,55
0.7831325301204818,0.491574555476038,0.5314348552670651,0.6126485315332104,0.637682139372922,0.43942055551714443,0.35192940134787287,0.20891745522203442,0.20891745522203453,B7,54
0.78714859437751,0.5498878787310533,0.5845879634172721,0.23825607207969712,0.6165150148703624,0.17558255170093373,0.6188922408729831,0.20927955743674775,0.20927955743674775,B7,53
0.791164658634538,0.6405155677483032,0.6141988429090439,0.31688731197388664,0.4085256594758464,0.48693860716066784,0.623122515361032,0.20321560958006546,0.20321560958006546,B7,52
0.7951807228915662,0.6358864866645209,0.4433119581485556,0.5720409793345271,0.46466636520816706,0.707830989642539,0.4636094406044866,0.19554941471983156,0.19554941471983145,B7,51
0.7991967871485942,0.48256327358371554,0.591545490954692,0.5349420428391842,0.6403272024597007,0.3806138943360726,0.5000482276104719,0.20230902323078892,0.20230902323078903,B7,50
0.8032128514056224,0.4651978601363942,0.3651208389042324,0.47909212616198094,0.4313626752383106,0.5495801653947634,0.6921084247370985,0.19678223585443266,0.19678223585443266,B7,49
0.8072289156626504,0.6388425368164128,0.6161460700044117,0.43140022089103836,0.5307155821112852,0.4906899448985995,0.5572656815335271,0.18482058261567058,0.18482058261567058,B7,48
0.8112449799196786,0.6731499062735846,0.635587720676094,0.5861135048628601,0.49212899233834717,0.41089563178061894,0.6589899996546813,0.1805882267313046,0.1805882267313047,B7,47
0.8152610441767068,0.48787279532783057,0.33594576092823125,0.4449006531048605,0.45377610312880856,0.4687012030464275,0.6224251579414419,0.18860365432789417,0.18860365432789428,B7,46
0.8192771084337348,0.6524867923673643,0.6336607701482642,0.7790231965745882,0.3960296252542497,0.736942093368794,0.26315527195464883,0.17968361187619242,0.17968361187619253,B7,45
0.823293172690763,0.4855018079153539,0.3762674597029996,0.815175845316344,0.5438828404204781,0.34867918166638234,0.5665988757792579,0.17430534908296247,0.17430534908296258,B7,44
0.827309236947791,0.6363615092258832,0.5372254175606663,0.6992634152408232,0.716173884581004,0.5234008525793632,0.5733152072321319,0.17320883211157856,0.17320883211157856,B7,43
0.8313253012048192,0.45231874857494914,0.5152898575299822,0.5638196492954486,0.6570565746449843,0.43538076830916994,0.48800492938483586,0.16828028099061831,0.16828028099061842,B7,42
0.8353413654618472,0.41113172251833174,0.31435153235567803,0.6928848529833092,0.38350072313458705,0.2822817851379178,0.5403797639961518,0.16096033116009378,0.1609603311600939,B7,41
0.8393574297188754,0.36256355990943057,0.8180969378456844,0.6326480814923956,0.4664434744024928,0.5367603423903073,0.3295502487208686,0.1645589784213185,0.1645589784213185,B7,40
0.8433734939759034,0.6836796788269157,0.7058890185571602,0.7673248760145817,0.1815318472480838,0.4046110606626716,0.44572121843376866,0.14351869024366437,0.14351869024366437,B7,39
0.8473895582329316,0.5328891632925097,0.47988906171454104,0.486685446615839,0.3587873409439508,0.5294417295566478,0.17861466040649088,0.1583066276463163,0.1583066276463163,B7,38
0.8514056224899597,0.9224362392694441,0.5923285341066187,0.3384120835128672,0.32649746150548875,0.2945962248403129,0.45347318342528853,0.14375086556711014,0.14375086556711014,B7,37
0.8554216867469878,0.2768064663330019,0.4883897031184308,0.8460217631846225,0.5399724842784384,0.6956612095692467,0.6099614306254493,0.1414602201701718,0.1414602201701719,B7,36
0.859437751004016,0.591257178575836,0.5780146565064292,0.4541477828601397,0.31091941662103606,0.3036006481461655,0.33571951487947027,0.1357279700879509,0.1357279700879509,B7,35
0.863453815261044,0.4627552491907547,0.737900399342525,0.5658067579847734,0.5878981260504648,0.6875180901748861,0.590601093045874,0.13897379154854028,0.1389737915485404,B7,34
0.8674698795180722,0.5785517289413995,0.5136235319192188,0.687131817979711,0.4492308997655159,0.4782925609108981,0.29920270976631436,0.1293728458144341,0.1293728458144341,B7,33
0.8714859437751002,0.8685248040596556,0.6032473145868735,0.6898960755052008,0.39488791053428907,0.4548493705742187,0.50012662918822,0.12170987462057592,0.12170987462057592,B7,32
0.8755020080321284,0.5122395214950131,0.7415106303585244,0.5935884890150978,0.3346059574780993,0.6720164130770869,0.79997480095677,0.1208798861703062,0.12087988617030632,B7,31
0.8795180722891565,0.6155901816515261,0.5445972984268241,0.5255653655526036,0.5235255781237451,0.7321137481603492,0.5480794826724509,0.12523931101314179,0.12523931101314179,B7,30
0.8835341365461846,0.3715726864078983,0.5419412856549979,0.7416926752207411,0.577500423857011,0.6761796048636612,0.5604003335563426,0.11048355459219161,0.11048355459219161,B7,29
0.8875502008032127,0.25540556748510856,0.7142805062948003,0.5163334186096664,0.7677466723446438,0.3550665499809986,0.5677667443282326,0.11710164366380693,0.11710164366380693,B7,28
0.8915662650602408,0.6417483562452895,0.3424252016901157,0.6652838397251704,0.2368636852027155,0.5470992128332053,0.3215133967897943,0.10606702477900087,0.10606702477900098,B7,27
0.8955823293172689,0.6289885819579726,0.3870069094912818,0.7297579258929074,0.2611721191765448,0.7765398617395785,0.9182701701573976,0.10949679826148528,0.1094967982614854,B7,26
0.899598393574297,0.3462244107778756,0.37639307496040963,0.5307649944733268,0.4046929458411159,0.29286749032989023,0.5755747066851709,0.09761968636852902,0.09761968636852902,B7,25
0.9036144578313252,0.7535485785367348,0.2895100126791732,0.898512511653772,0.609216436884259,0.36322705978523495,0.6143051044645507,0.09800319247100131,0.09800319247100131,B7,24
0.9076305220883533,0.8151262329818656,0.6896338961822206,0.5723050593403927,0.31424371655717875,0.5763345698470903,0.51959054933464,0.09249764504787927,0.0924976450478795,B7,23
0.9116465863453814,0.3721461916514619,0.5256919021364865,0.7971722918032138,0.6939297968782547,0.4696275733553579,0.47472844425787963,0.0823809822030781,0.0823809822030781,B7,22
0.9156626506024095,0.6650699162567553,0.36675635354384895,0.5941023624516628,0.5206276036134034,0.8936092271374996,0.4896298243558559,0.08187093996275863,0.08187093996275863,B7,21
0.9196787148594376,0.6598620826499495,0.4787447878522606,0.52456327660735,0.3644554072578523,0.537400054934505,0.5578694943890894,0.07959246510629114,0.07959246510629125,B7,20
0.9236947791164657,0.6725891198439569,0.4843111277681924,0.5147789922151929,0.3328401660557825,0.5298087895748858,0.6726600243882253,0.08091551812576059,0.08091551812576059,B7,19
0.9277108433734939,0.6859188475605835,0.42264546126356173,0.8253928887234308,0.603705919216404,0.6031508050661452,0.5978802662168055,0.07176166004595597,0.07176166004595586,B7,18
0.9317269076305219,0.41137969372350214,0.6160819694836501,0.524514188404579,0.4130873310806802,0.33910215947207,0.4795711594528629,0.06702293583608387,0.06702293583608387,B7,17
0.9357429718875501,0.5154140388149713,0.4867651703883418,0.36882889844399225,0.6088231050569886,0.43043853740963134,0.7444401204179121,0.05610903168619352,0.05610903168619352,B7,16
0.9397590361445782,0.7633556921918698,0.6706067545500556,0.7173381216694588,0.21818504570369202,0.3385581082395037,0.7109646749538081,0.06050885025158459,0.06050885025158459,B7,15
0.9437751004016063,0.6893701137370778,0.6142398055394303,0.5923714214478744,0.45547910104920897,0.23705848894257975,0.5565608453831898,0.0526169985302366,0.052616998530236714,B7,14
0.9477911646586344,0.5027435323813525,0.7055245861465984,0.8145760775489763,0.4501416280962749,0.5372039528957124,0.7612730321362746,0.05154424467123209,0.05154424467123209,B7,13
0.9518072289156625,0.3145357201620278,0.3804395475317097,0.5851737722981367,0.572380978571287,0.6515387636247978,0.5232589201864264,0.04790540099267804,0.04790540099267804,B7,12
0.9558232931726907,0.48564916514984824,0.47584694029733754,0.49482587912614306,0.34198233279885715,0.674051883358368,0.4030099320933145,0.04616229766181601,0.04616229766181601,B7,11
0.9598393574297187,0.49167357921808863,0.7174151465196026,0.7481830968146679,0.4488326705945682,0.6221395961507099,0.4689531473287687,0.043624157418245546,0.043624157418245435,B7,10
0.9638554216867469,0.7725715819820165,0.6900965030756883,0.7187459085690207,0.6185386949116838,0.6618514436023011,0.7151530910134434,0.03322681692708751,0.03322681692708762,B7,9
0.9678714859437749,0.4397730155708468,0.5258422446810638,0.8574113979285056,0.5678845768689755,0.4525630776876839,0.4892394131150781,0.036315050576967156,0.036315050576967156,B7,8
0.9718875502008031,0.7656342327037735,0.7770210591520144,0.6606316825326539,0.43561857659749403,0.598850926849134,0.8354053381401605,0.02990657846402489,0.02990657846402478,B7,7
0.9759036144578311,0.4758101510691348,0.2671062754264302,0.5421533543606549,0.2666473606717017,0.841709458574849,0.4781859627690528,0.024040731094445156,0.024040731094445156,B7,6
0.9799196787148593,0.40348178270493573,0.4438257869546689,0.37468945948891363,0.5670116817980464,0.6382959526634588,0.5072319189105001,0.021997560446809894,0.021997560446809783,B7,5
0.9839357429718875,0.509668634463079,0.5403353182338115,0.4196357765781298,0.47288362769160974,0.43284673705571763,0.6441142520632965,0.008850406449583681,0.00885040644958357,B7,4
0.9879518072289155,0.5723174466543968,0.5393252219012687,0.6956550581649825,0.3814506161992304,0.645902613944785,0.3509502906943154,0.01201469521752796,0.01201469521752796,B7,3
0.9919678714859437,0.4614584917196889,0.5527538072190232,0.805054075603457,0.37426954491174413,0.7756645045857864,0.34487424402335387,0.008882332888921263,0.008882332888921263,B7,2
0.9959839357429717,0.5445490031021645,0.4612499378526991,0.5512547872294071,0.3909452693769073,0.2878539609011519,0.47267228483659984,0.005207928514805671,0.005207928514805671,B7,1
0.9999999999999998,0.5430995918686901,0.46657818007571805,0.7650538781734406,0.25950978902859,0.5003987005799273,0.6187146710752289,0.0,0.0,B7,0
